query_index,true_label,prediction,selected_cluster,dataset,method,epsilon,K,seed
0,1,1,2,Adult,C3_PRIVSYN_ICL_DP_SAMPLE_LLM,1.0,3,1000
1,0,1,2,Adult,C3_PRIVSYN_ICL_DP_SAMPLE_LLM,1.0,3,1000
2,0,0,2,Adult,C3_PRIVSYN_ICL_DP_SAMPLE_LLM,1.0,3,1000
3,0,0,2,Adult,C3_PRIVSYN_ICL_DP_SAMPLE_LLM,1.0,3,1000
4,1,1,2,Adult,C3_PRIVSYN_ICL_DP_SAMPLE_LLM,1.0,3,1000
5,0,0,2,Adult,C3_PRIVSYN_ICL_DP_SAMPLE_LLM,1.0,3,1000
6,0,0,2,Adult,C3_PRIVSYN_ICL_DP_SAMPLE_LLM,1.0,3,1000
7,0,0,2,Adult,C3_PRIVSYN_ICL_DP_SAMPLE_LLM,1.0,3,1000
8,1,1,2,Adult,C3_PRIVSYN_ICL_DP_SAMPLE_LLM,1.0,3,1000
9,1,0,2,Adult,C3_PRIVSYN_ICL_DP_SAMPLE_LLM,1.0,3,1000
10,1,1,2,Adult,C3_PRIVSYN_ICL_DP_SAMPLE_LLM,1.0,3,1000
11,1,1,2,Adult,C3_PRIVSYN_ICL_DP_SAMPLE_LLM,1.0,3,1000
12,0,0,2,Adult,C3_PRIVSYN_ICL_DP_SAMPLE_LLM,1.0,3,1000
13,1,0,2,Adult,C3_PRIVSYN_ICL_DP_SAMPLE_LLM,1.0,3,1000
14,0,1,2,Adult,C3_PRIVSYN_ICL_DP_SAMPLE_LLM,1.0,3,1000
15,0,0,2,Adult,C3_PRIVSYN_ICL_DP_SAMPLE_LLM,1.0,3,1000
16,0,0,2,Adult,C3_PRIVSYN_ICL_DP_SAMPLE_LLM,1.0,3,1000
17,1,0,2,Adult,C3_PRIVSYN_ICL_DP_SAMPLE_LLM,1.0,3,1000
18,0,0,2,Adult,C3_PRIVSYN_ICL_DP_SAMPLE_LLM,1.0,3,1000
19,1,0,2,Adult,C3_PRIVSYN_ICL_DP_SAMPLE_LLM,1.0,3,1000
20,0,0,2,Adult,C3_PRIVSYN_ICL_DP_SAMPLE_LLM,1.0,3,1000
21,0,1,2,Adult,C3_PRIVSYN_ICL_DP_SAMPLE_LLM,1.0,3,1000
22,1,1,2,Adult,C3_PRIVSYN_ICL_DP_SAMPLE_LLM,1.0,3,1000
23,1,1,2,Adult,C3_PRIVSYN_ICL_DP_SAMPLE_LLM,1.0,3,1000
24,1,1,2,Adult,C3_PRIVSYN_ICL_DP_SAMPLE_LLM,1.0,3,1000
25,1,1,2,Adult,C3_PRIVSYN_ICL_DP_SAMPLE_LLM,1.0,3,1000
26,0,0,2,Adult,C3_PRIVSYN_ICL_DP_SAMPLE_LLM,1.0,3,1000
27,1,1,2,Adult,C3_PRIVSYN_ICL_DP_SAMPLE_LLM,1.0,3,1000
28,0,0,2,Adult,C3_PRIVSYN_ICL_DP_SAMPLE_LLM,1.0,3,1000
29,0,0,2,Adult,C3_PRIVSYN_ICL_DP_SAMPLE_LLM,1.0,3,1000
30,1,1,2,Adult,C3_PRIVSYN_ICL_DP_SAMPLE_LLM,1.0,3,1000
31,1,1,2,Adult,C3_PRIVSYN_ICL_DP_SAMPLE_LLM,1.0,3,1000
32,1,0,2,Adult,C3_PRIVSYN_ICL_DP_SAMPLE_LLM,1.0,3,1000
33,1,1,2,Adult,C3_PRIVSYN_ICL_DP_SAMPLE_LLM,1.0,3,1000
34,1,0,2,Adult,C3_PRIVSYN_ICL_DP_SAMPLE_LLM,1.0,3,1000
35,0,1,2,Adult,C3_PRIVSYN_ICL_DP_SAMPLE_LLM,1.0,3,1000
36,0,0,2,Adult,C3_PRIVSYN_ICL_DP_SAMPLE_LLM,1.0,3,1000
37,0,0,2,Adult,C3_PRIVSYN_ICL_DP_SAMPLE_LLM,1.0,3,1000
38,1,0,2,Adult,C3_PRIVSYN_ICL_DP_SAMPLE_LLM,1.0,3,1000
39,1,1,2,Adult,C3_PRIVSYN_ICL_DP_SAMPLE_LLM,1.0,3,1000
40,1,0,2,Adult,C3_PRIVSYN_ICL_DP_SAMPLE_LLM,1.0,3,1000
41,0,0,2,Adult,C3_PRIVSYN_ICL_DP_SAMPLE_LLM,1.0,3,1000
42,1,1,2,Adult,C3_PRIVSYN_ICL_DP_SAMPLE_LLM,1.0,3,1000
43,0,0,2,Adult,C3_PRIVSYN_ICL_DP_SAMPLE_LLM,1.0,3,1000
44,0,0,2,Adult,C3_PRIVSYN_ICL_DP_SAMPLE_LLM,1.0,3,1000
45,1,1,2,Adult,C3_PRIVSYN_ICL_DP_SAMPLE_LLM,1.0,3,1000
46,1,0,2,Adult,C3_PRIVSYN_ICL_DP_SAMPLE_LLM,1.0,3,1000
47,1,1,2,Adult,C3_PRIVSYN_ICL_DP_SAMPLE_LLM,1.0,3,1000
48,1,1,2,Adult,C3_PRIVSYN_ICL_DP_SAMPLE_LLM,1.0,3,1000
49,0,0,2,Adult,C3_PRIVSYN_ICL_DP_SAMPLE_LLM,1.0,3,1000
50,1,1,2,Adult,C3_PRIVSYN_ICL_DP_SAMPLE_LLM,1.0,3,1000
51,0,0,2,Adult,C3_PRIVSYN_ICL_DP_SAMPLE_LLM,1.0,3,1000
52,1,1,2,Adult,C3_PRIVSYN_ICL_DP_SAMPLE_LLM,1.0,3,1000
53,0,0,2,Adult,C3_PRIVSYN_ICL_DP_SAMPLE_LLM,1.0,3,1000
54,0,0,2,Adult,C3_PRIVSYN_ICL_DP_SAMPLE_LLM,1.0,3,1000
55,0,1,2,Adult,C3_PRIVSYN_ICL_DP_SAMPLE_LLM,1.0,3,1000
56,0,0,2,Adult,C3_PRIVSYN_ICL_DP_SAMPLE_LLM,1.0,3,1000
57,1,1,2,Adult,C3_PRIVSYN_ICL_DP_SAMPLE_LLM,1.0,3,1000
58,1,1,2,Adult,C3_PRIVSYN_ICL_DP_SAMPLE_LLM,1.0,3,1000
59,0,0,2,Adult,C3_PRIVSYN_ICL_DP_SAMPLE_LLM,1.0,3,1000
60,1,0,2,Adult,C3_PRIVSYN_ICL_DP_SAMPLE_LLM,1.0,3,1000
61,1,1,2,Adult,C3_PRIVSYN_ICL_DP_SAMPLE_LLM,1.0,3,1000
62,1,1,2,Adult,C3_PRIVSYN_ICL_DP_SAMPLE_LLM,1.0,3,1000
63,1,1,2,Adult,C3_PRIVSYN_ICL_DP_SAMPLE_LLM,1.0,3,1000
64,0,0,2,Adult,C3_PRIVSYN_ICL_DP_SAMPLE_LLM,1.0,3,1000
65,0,0,2,Adult,C3_PRIVSYN_ICL_DP_SAMPLE_LLM,1.0,3,1000
66,1,0,2,Adult,C3_PRIVSYN_ICL_DP_SAMPLE_LLM,1.0,3,1000
67,1,1,2,Adult,C3_PRIVSYN_ICL_DP_SAMPLE_LLM,1.0,3,1000
68,0,0,2,Adult,C3_PRIVSYN_ICL_DP_SAMPLE_LLM,1.0,3,1000
69,0,1,2,Adult,C3_PRIVSYN_ICL_DP_SAMPLE_LLM,1.0,3,1000
70,0,1,2,Adult,C3_PRIVSYN_ICL_DP_SAMPLE_LLM,1.0,3,1000
71,0,0,2,Adult,C3_PRIVSYN_ICL_DP_SAMPLE_LLM,1.0,3,1000
72,0,0,2,Adult,C3_PRIVSYN_ICL_DP_SAMPLE_LLM,1.0,3,1000
73,0,0,2,Adult,C3_PRIVSYN_ICL_DP_SAMPLE_LLM,1.0,3,1000
74,0,0,2,Adult,C3_PRIVSYN_ICL_DP_SAMPLE_LLM,1.0,3,1000
75,0,0,2,Adult,C3_PRIVSYN_ICL_DP_SAMPLE_LLM,1.0,3,1000
76,0,1,2,Adult,C3_PRIVSYN_ICL_DP_SAMPLE_LLM,1.0,3,1000
77,0,0,2,Adult,C3_PRIVSYN_ICL_DP_SAMPLE_LLM,1.0,3,1000
78,1,0,2,Adult,C3_PRIVSYN_ICL_DP_SAMPLE_LLM,1.0,3,1000
79,0,0,2,Adult,C3_PRIVSYN_ICL_DP_SAMPLE_LLM,1.0,3,1000
80,1,1,2,Adult,C3_PRIVSYN_ICL_DP_SAMPLE_LLM,1.0,3,1000
81,0,0,2,Adult,C3_PRIVSYN_ICL_DP_SAMPLE_LLM,1.0,3,1000
82,0,0,2,Adult,C3_PRIVSYN_ICL_DP_SAMPLE_LLM,1.0,3,1000
83,0,0,2,Adult,C3_PRIVSYN_ICL_DP_SAMPLE_LLM,1.0,3,1000
84,1,1,2,Adult,C3_PRIVSYN_ICL_DP_SAMPLE_LLM,1.0,3,1000
85,1,1,2,Adult,C3_PRIVSYN_ICL_DP_SAMPLE_LLM,1.0,3,1000
86,1,1,2,Adult,C3_PRIVSYN_ICL_DP_SAMPLE_LLM,1.0,3,1000
87,1,1,2,Adult,C3_PRIVSYN_ICL_DP_SAMPLE_LLM,1.0,3,1000
88,0,0,2,Adult,C3_PRIVSYN_ICL_DP_SAMPLE_LLM,1.0,3,1000
89,1,1,2,Adult,C3_PRIVSYN_ICL_DP_SAMPLE_LLM,1.0,3,1000
90,1,1,2,Adult,C3_PRIVSYN_ICL_DP_SAMPLE_LLM,1.0,3,1000
91,0,1,2,Adult,C3_PRIVSYN_ICL_DP_SAMPLE_LLM,1.0,3,1000
92,1,1,2,Adult,C3_PRIVSYN_ICL_DP_SAMPLE_LLM,1.0,3,1000
93,1,0,2,Adult,C3_PRIVSYN_ICL_DP_SAMPLE_LLM,1.0,3,1000
94,0,0,2,Adult,C3_PRIVSYN_ICL_DP_SAMPLE_LLM,1.0,3,1000
95,1,1,2,Adult,C3_PRIVSYN_ICL_DP_SAMPLE_LLM,1.0,3,1000
96,0,0,2,Adult,C3_PRIVSYN_ICL_DP_SAMPLE_LLM,1.0,3,1000
97,1,0,2,Adult,C3_PRIVSYN_ICL_DP_SAMPLE_LLM,1.0,3,1000
98,0,0,2,Adult,C3_PRIVSYN_ICL_DP_SAMPLE_LLM,1.0,3,1000
99,1,0,2,Adult,C3_PRIVSYN_ICL_DP_SAMPLE_LLM,1.0,3,1000
0,1,1,0,Adult,C3_PRIVSYN_ICL_DP_SAMPLE_LLM,1.0,3,1001
1,0,0,0,Adult,C3_PRIVSYN_ICL_DP_SAMPLE_LLM,1.0,3,1001
2,0,0,0,Adult,C3_PRIVSYN_ICL_DP_SAMPLE_LLM,1.0,3,1001
3,0,0,0,Adult,C3_PRIVSYN_ICL_DP_SAMPLE_LLM,1.0,3,1001
4,1,1,0,Adult,C3_PRIVSYN_ICL_DP_SAMPLE_LLM,1.0,3,1001
5,0,0,0,Adult,C3_PRIVSYN_ICL_DP_SAMPLE_LLM,1.0,3,1001
6,0,0,0,Adult,C3_PRIVSYN_ICL_DP_SAMPLE_LLM,1.0,3,1001
7,0,0,0,Adult,C3_PRIVSYN_ICL_DP_SAMPLE_LLM,1.0,3,1001
8,1,1,0,Adult,C3_PRIVSYN_ICL_DP_SAMPLE_LLM,1.0,3,1001
9,1,1,0,Adult,C3_PRIVSYN_ICL_DP_SAMPLE_LLM,1.0,3,1001
10,1,0,0,Adult,C3_PRIVSYN_ICL_DP_SAMPLE_LLM,1.0,3,1001
11,1,0,0,Adult,C3_PRIVSYN_ICL_DP_SAMPLE_LLM,1.0,3,1001
12,0,0,0,Adult,C3_PRIVSYN_ICL_DP_SAMPLE_LLM,1.0,3,1001
13,1,0,0,Adult,C3_PRIVSYN_ICL_DP_SAMPLE_LLM,1.0,3,1001
14,0,0,0,Adult,C3_PRIVSYN_ICL_DP_SAMPLE_LLM,1.0,3,1001
15,0,1,0,Adult,C3_PRIVSYN_ICL_DP_SAMPLE_LLM,1.0,3,1001
16,0,1,0,Adult,C3_PRIVSYN_ICL_DP_SAMPLE_LLM,1.0,3,1001
17,1,0,0,Adult,C3_PRIVSYN_ICL_DP_SAMPLE_LLM,1.0,3,1001
18,0,0,0,Adult,C3_PRIVSYN_ICL_DP_SAMPLE_LLM,1.0,3,1001
19,1,0,0,Adult,C3_PRIVSYN_ICL_DP_SAMPLE_LLM,1.0,3,1001
20,0,0,0,Adult,C3_PRIVSYN_ICL_DP_SAMPLE_LLM,1.0,3,1001
21,0,1,0,Adult,C3_PRIVSYN_ICL_DP_SAMPLE_LLM,1.0,3,1001
22,1,1,0,Adult,C3_PRIVSYN_ICL_DP_SAMPLE_LLM,1.0,3,1001
23,1,1,0,Adult,C3_PRIVSYN_ICL_DP_SAMPLE_LLM,1.0,3,1001
24,1,1,0,Adult,C3_PRIVSYN_ICL_DP_SAMPLE_LLM,1.0,3,1001
25,1,1,0,Adult,C3_PRIVSYN_ICL_DP_SAMPLE_LLM,1.0,3,1001
26,0,0,0,Adult,C3_PRIVSYN_ICL_DP_SAMPLE_LLM,1.0,3,1001
27,1,1,0,Adult,C3_PRIVSYN_ICL_DP_SAMPLE_LLM,1.0,3,1001
28,0,0,0,Adult,C3_PRIVSYN_ICL_DP_SAMPLE_LLM,1.0,3,1001
29,0,0,0,Adult,C3_PRIVSYN_ICL_DP_SAMPLE_LLM,1.0,3,1001
30,1,1,0,Adult,C3_PRIVSYN_ICL_DP_SAMPLE_LLM,1.0,3,1001
31,1,0,0,Adult,C3_PRIVSYN_ICL_DP_SAMPLE_LLM,1.0,3,1001
32,1,0,0,Adult,C3_PRIVSYN_ICL_DP_SAMPLE_LLM,1.0,3,1001
33,1,1,0,Adult,C3_PRIVSYN_ICL_DP_SAMPLE_LLM,1.0,3,1001
34,1,0,0,Adult,C3_PRIVSYN_ICL_DP_SAMPLE_LLM,1.0,3,1001
35,0,1,0,Adult,C3_PRIVSYN_ICL_DP_SAMPLE_LLM,1.0,3,1001
36,0,0,0,Adult,C3_PRIVSYN_ICL_DP_SAMPLE_LLM,1.0,3,1001
37,0,0,0,Adult,C3_PRIVSYN_ICL_DP_SAMPLE_LLM,1.0,3,1001
38,1,0,0,Adult,C3_PRIVSYN_ICL_DP_SAMPLE_LLM,1.0,3,1001
39,1,0,0,Adult,C3_PRIVSYN_ICL_DP_SAMPLE_LLM,1.0,3,1001
40,1,0,0,Adult,C3_PRIVSYN_ICL_DP_SAMPLE_LLM,1.0,3,1001
41,0,0,0,Adult,C3_PRIVSYN_ICL_DP_SAMPLE_LLM,1.0,3,1001
42,1,1,0,Adult,C3_PRIVSYN_ICL_DP_SAMPLE_LLM,1.0,3,1001
43,0,0,0,Adult,C3_PRIVSYN_ICL_DP_SAMPLE_LLM,1.0,3,1001
44,0,0,0,Adult,C3_PRIVSYN_ICL_DP_SAMPLE_LLM,1.0,3,1001
45,1,1,0,Adult,C3_PRIVSYN_ICL_DP_SAMPLE_LLM,1.0,3,1001
46,1,0,0,Adult,C3_PRIVSYN_ICL_DP_SAMPLE_LLM,1.0,3,1001
47,1,1,0,Adult,C3_PRIVSYN_ICL_DP_SAMPLE_LLM,1.0,3,1001
48,1,1,0,Adult,C3_PRIVSYN_ICL_DP_SAMPLE_LLM,1.0,3,1001
49,0,0,0,Adult,C3_PRIVSYN_ICL_DP_SAMPLE_LLM,1.0,3,1001
50,1,0,0,Adult,C3_PRIVSYN_ICL_DP_SAMPLE_LLM,1.0,3,1001
51,0,0,0,Adult,C3_PRIVSYN_ICL_DP_SAMPLE_LLM,1.0,3,1001
52,1,1,0,Adult,C3_PRIVSYN_ICL_DP_SAMPLE_LLM,1.0,3,1001
53,0,0,0,Adult,C3_PRIVSYN_ICL_DP_SAMPLE_LLM,1.0,3,1001
54,0,0,0,Adult,C3_PRIVSYN_ICL_DP_SAMPLE_LLM,1.0,3,1001
55,0,1,0,Adult,C3_PRIVSYN_ICL_DP_SAMPLE_LLM,1.0,3,1001
56,0,0,0,Adult,C3_PRIVSYN_ICL_DP_SAMPLE_LLM,1.0,3,1001
57,1,1,0,Adult,C3_PRIVSYN_ICL_DP_SAMPLE_LLM,1.0,3,1001
58,1,1,0,Adult,C3_PRIVSYN_ICL_DP_SAMPLE_LLM,1.0,3,1001
59,0,0,0,Adult,C3_PRIVSYN_ICL_DP_SAMPLE_LLM,1.0,3,1001
60,1,1,0,Adult,C3_PRIVSYN_ICL_DP_SAMPLE_LLM,1.0,3,1001
61,1,1,0,Adult,C3_PRIVSYN_ICL_DP_SAMPLE_LLM,1.0,3,1001
62,1,0,0,Adult,C3_PRIVSYN_ICL_DP_SAMPLE_LLM,1.0,3,1001
63,1,1,0,Adult,C3_PRIVSYN_ICL_DP_SAMPLE_LLM,1.0,3,1001
64,0,1,0,Adult,C3_PRIVSYN_ICL_DP_SAMPLE_LLM,1.0,3,1001
65,0,0,0,Adult,C3_PRIVSYN_ICL_DP_SAMPLE_LLM,1.0,3,1001
66,1,0,0,Adult,C3_PRIVSYN_ICL_DP_SAMPLE_LLM,1.0,3,1001
67,1,1,0,Adult,C3_PRIVSYN_ICL_DP_SAMPLE_LLM,1.0,3,1001
68,0,0,0,Adult,C3_PRIVSYN_ICL_DP_SAMPLE_LLM,1.0,3,1001
69,0,1,0,Adult,C3_PRIVSYN_ICL_DP_SAMPLE_LLM,1.0,3,1001
70,0,0,0,Adult,C3_PRIVSYN_ICL_DP_SAMPLE_LLM,1.0,3,1001
71,0,0,0,Adult,C3_PRIVSYN_ICL_DP_SAMPLE_LLM,1.0,3,1001
72,0,0,0,Adult,C3_PRIVSYN_ICL_DP_SAMPLE_LLM,1.0,3,1001
73,0,1,0,Adult,C3_PRIVSYN_ICL_DP_SAMPLE_LLM,1.0,3,1001
74,0,0,0,Adult,C3_PRIVSYN_ICL_DP_SAMPLE_LLM,1.0,3,1001
75,0,0,0,Adult,C3_PRIVSYN_ICL_DP_SAMPLE_LLM,1.0,3,1001
76,0,0,0,Adult,C3_PRIVSYN_ICL_DP_SAMPLE_LLM,1.0,3,1001
77,0,0,0,Adult,C3_PRIVSYN_ICL_DP_SAMPLE_LLM,1.0,3,1001
78,1,0,0,Adult,C3_PRIVSYN_ICL_DP_SAMPLE_LLM,1.0,3,1001
79,0,0,0,Adult,C3_PRIVSYN_ICL_DP_SAMPLE_LLM,1.0,3,1001
80,1,1,0,Adult,C3_PRIVSYN_ICL_DP_SAMPLE_LLM,1.0,3,1001
81,0,1,0,Adult,C3_PRIVSYN_ICL_DP_SAMPLE_LLM,1.0,3,1001
82,0,0,0,Adult,C3_PRIVSYN_ICL_DP_SAMPLE_LLM,1.0,3,1001
83,0,0,0,Adult,C3_PRIVSYN_ICL_DP_SAMPLE_LLM,1.0,3,1001
84,1,1,0,Adult,C3_PRIVSYN_ICL_DP_SAMPLE_LLM,1.0,3,1001
85,1,1,0,Adult,C3_PRIVSYN_ICL_DP_SAMPLE_LLM,1.0,3,1001
86,1,1,0,Adult,C3_PRIVSYN_ICL_DP_SAMPLE_LLM,1.0,3,1001
87,1,1,0,Adult,C3_PRIVSYN_ICL_DP_SAMPLE_LLM,1.0,3,1001
88,0,0,0,Adult,C3_PRIVSYN_ICL_DP_SAMPLE_LLM,1.0,3,1001
89,1,1,0,Adult,C3_PRIVSYN_ICL_DP_SAMPLE_LLM,1.0,3,1001
90,1,0,0,Adult,C3_PRIVSYN_ICL_DP_SAMPLE_LLM,1.0,3,1001
91,0,1,0,Adult,C3_PRIVSYN_ICL_DP_SAMPLE_LLM,1.0,3,1001
92,1,1,0,Adult,C3_PRIVSYN_ICL_DP_SAMPLE_LLM,1.0,3,1001
93,1,1,0,Adult,C3_PRIVSYN_ICL_DP_SAMPLE_LLM,1.0,3,1001
94,0,0,0,Adult,C3_PRIVSYN_ICL_DP_SAMPLE_LLM,1.0,3,1001
95,1,1,0,Adult,C3_PRIVSYN_ICL_DP_SAMPLE_LLM,1.0,3,1001
96,0,0,0,Adult,C3_PRIVSYN_ICL_DP_SAMPLE_LLM,1.0,3,1001
97,1,1,0,Adult,C3_PRIVSYN_ICL_DP_SAMPLE_LLM,1.0,3,1001
98,0,1,0,Adult,C3_PRIVSYN_ICL_DP_SAMPLE_LLM,1.0,3,1001
99,1,0,0,Adult,C3_PRIVSYN_ICL_DP_SAMPLE_LLM,1.0,3,1001
0,1,0,0,Adult,C3_PRIVSYN_ICL_DP_SAMPLE_LLM,1.0,3,1002
1,0,1,0,Adult,C3_PRIVSYN_ICL_DP_SAMPLE_LLM,1.0,3,1002
2,0,0,0,Adult,C3_PRIVSYN_ICL_DP_SAMPLE_LLM,1.0,3,1002
3,0,0,0,Adult,C3_PRIVSYN_ICL_DP_SAMPLE_LLM,1.0,3,1002
4,1,1,0,Adult,C3_PRIVSYN_ICL_DP_SAMPLE_LLM,1.0,3,1002
5,0,0,0,Adult,C3_PRIVSYN_ICL_DP_SAMPLE_LLM,1.0,3,1002
6,0,0,0,Adult,C3_PRIVSYN_ICL_DP_SAMPLE_LLM,1.0,3,1002
7,0,0,0,Adult,C3_PRIVSYN_ICL_DP_SAMPLE_LLM,1.0,3,1002
8,1,1,0,Adult,C3_PRIVSYN_ICL_DP_SAMPLE_LLM,1.0,3,1002
9,1,1,0,Adult,C3_PRIVSYN_ICL_DP_SAMPLE_LLM,1.0,3,1002
10,1,0,0,Adult,C3_PRIVSYN_ICL_DP_SAMPLE_LLM,1.0,3,1002
11,1,1,0,Adult,C3_PRIVSYN_ICL_DP_SAMPLE_LLM,1.0,3,1002
12,0,0,0,Adult,C3_PRIVSYN_ICL_DP_SAMPLE_LLM,1.0,3,1002
13,1,0,0,Adult,C3_PRIVSYN_ICL_DP_SAMPLE_LLM,1.0,3,1002
14,0,0,0,Adult,C3_PRIVSYN_ICL_DP_SAMPLE_LLM,1.0,3,1002
15,0,1,0,Adult,C3_PRIVSYN_ICL_DP_SAMPLE_LLM,1.0,3,1002
16,0,0,0,Adult,C3_PRIVSYN_ICL_DP_SAMPLE_LLM,1.0,3,1002
17,1,0,0,Adult,C3_PRIVSYN_ICL_DP_SAMPLE_LLM,1.0,3,1002
18,0,0,0,Adult,C3_PRIVSYN_ICL_DP_SAMPLE_LLM,1.0,3,1002
19,1,0,0,Adult,C3_PRIVSYN_ICL_DP_SAMPLE_LLM,1.0,3,1002
20,0,0,0,Adult,C3_PRIVSYN_ICL_DP_SAMPLE_LLM,1.0,3,1002
21,0,1,0,Adult,C3_PRIVSYN_ICL_DP_SAMPLE_LLM,1.0,3,1002
22,1,1,0,Adult,C3_PRIVSYN_ICL_DP_SAMPLE_LLM,1.0,3,1002
23,1,1,0,Adult,C3_PRIVSYN_ICL_DP_SAMPLE_LLM,1.0,3,1002
24,1,1,2,Adult,C3_PRIVSYN_ICL_DP_SAMPLE_LLM,1.0,3,1002
25,1,0,2,Adult,C3_PRIVSYN_ICL_DP_SAMPLE_LLM,1.0,3,1002
26,0,0,0,Adult,C3_PRIVSYN_ICL_DP_SAMPLE_LLM,1.0,3,1002
27,1,1,0,Adult,C3_PRIVSYN_ICL_DP_SAMPLE_LLM,1.0,3,1002
28,0,1,0,Adult,C3_PRIVSYN_ICL_DP_SAMPLE_LLM,1.0,3,1002
29,0,0,0,Adult,C3_PRIVSYN_ICL_DP_SAMPLE_LLM,1.0,3,1002
30,1,1,0,Adult,C3_PRIVSYN_ICL_DP_SAMPLE_LLM,1.0,3,1002
31,1,1,0,Adult,C3_PRIVSYN_ICL_DP_SAMPLE_LLM,1.0,3,1002
32,1,0,0,Adult,C3_PRIVSYN_ICL_DP_SAMPLE_LLM,1.0,3,1002
33,1,1,2,Adult,C3_PRIVSYN_ICL_DP_SAMPLE_LLM,1.0,3,1002
34,1,0,0,Adult,C3_PRIVSYN_ICL_DP_SAMPLE_LLM,1.0,3,1002
35,0,1,0,Adult,C3_PRIVSYN_ICL_DP_SAMPLE_LLM,1.0,3,1002
36,0,0,0,Adult,C3_PRIVSYN_ICL_DP_SAMPLE_LLM,1.0,3,1002
37,0,0,0,Adult,C3_PRIVSYN_ICL_DP_SAMPLE_LLM,1.0,3,1002
38,1,1,0,Adult,C3_PRIVSYN_ICL_DP_SAMPLE_LLM,1.0,3,1002
39,1,1,0,Adult,C3_PRIVSYN_ICL_DP_SAMPLE_LLM,1.0,3,1002
40,1,0,0,Adult,C3_PRIVSYN_ICL_DP_SAMPLE_LLM,1.0,3,1002
41,0,0,0,Adult,C3_PRIVSYN_ICL_DP_SAMPLE_LLM,1.0,3,1002
42,1,1,0,Adult,C3_PRIVSYN_ICL_DP_SAMPLE_LLM,1.0,3,1002
43,0,0,0,Adult,C3_PRIVSYN_ICL_DP_SAMPLE_LLM,1.0,3,1002
44,0,0,0,Adult,C3_PRIVSYN_ICL_DP_SAMPLE_LLM,1.0,3,1002
45,1,1,0,Adult,C3_PRIVSYN_ICL_DP_SAMPLE_LLM,1.0,3,1002
46,1,1,0,Adult,C3_PRIVSYN_ICL_DP_SAMPLE_LLM,1.0,3,1002
47,1,1,0,Adult,C3_PRIVSYN_ICL_DP_SAMPLE_LLM,1.0,3,1002
48,1,1,2,Adult,C3_PRIVSYN_ICL_DP_SAMPLE_LLM,1.0,3,1002
49,0,1,0,Adult,C3_PRIVSYN_ICL_DP_SAMPLE_LLM,1.0,3,1002
50,1,1,2,Adult,C3_PRIVSYN_ICL_DP_SAMPLE_LLM,1.0,3,1002
51,0,0,0,Adult,C3_PRIVSYN_ICL_DP_SAMPLE_LLM,1.0,3,1002
52,1,1,0,Adult,C3_PRIVSYN_ICL_DP_SAMPLE_LLM,1.0,3,1002
53,0,0,0,Adult,C3_PRIVSYN_ICL_DP_SAMPLE_LLM,1.0,3,1002
54,0,0,0,Adult,C3_PRIVSYN_ICL_DP_SAMPLE_LLM,1.0,3,1002
55,0,1,0,Adult,C3_PRIVSYN_ICL_DP_SAMPLE_LLM,1.0,3,1002
56,0,0,0,Adult,C3_PRIVSYN_ICL_DP_SAMPLE_LLM,1.0,3,1002
57,1,1,2,Adult,C3_PRIVSYN_ICL_DP_SAMPLE_LLM,1.0,3,1002
58,1,0,2,Adult,C3_PRIVSYN_ICL_DP_SAMPLE_LLM,1.0,3,1002
59,0,0,0,Adult,C3_PRIVSYN_ICL_DP_SAMPLE_LLM,1.0,3,1002
60,1,1,0,Adult,C3_PRIVSYN_ICL_DP_SAMPLE_LLM,1.0,3,1002
61,1,1,0,Adult,C3_PRIVSYN_ICL_DP_SAMPLE_LLM,1.0,3,1002
62,1,0,0,Adult,C3_PRIVSYN_ICL_DP_SAMPLE_LLM,1.0,3,1002
63,1,1,0,Adult,C3_PRIVSYN_ICL_DP_SAMPLE_LLM,1.0,3,1002
64,0,0,0,Adult,C3_PRIVSYN_ICL_DP_SAMPLE_LLM,1.0,3,1002
65,0,0,0,Adult,C3_PRIVSYN_ICL_DP_SAMPLE_LLM,1.0,3,1002
66,1,1,0,Adult,C3_PRIVSYN_ICL_DP_SAMPLE_LLM,1.0,3,1002
67,1,1,0,Adult,C3_PRIVSYN_ICL_DP_SAMPLE_LLM,1.0,3,1002
68,0,0,0,Adult,C3_PRIVSYN_ICL_DP_SAMPLE_LLM,1.0,3,1002
69,0,1,0,Adult,C3_PRIVSYN_ICL_DP_SAMPLE_LLM,1.0,3,1002
70,0,0,0,Adult,C3_PRIVSYN_ICL_DP_SAMPLE_LLM,1.0,3,1002
71,0,0,0,Adult,C3_PRIVSYN_ICL_DP_SAMPLE_LLM,1.0,3,1002
72,0,0,0,Adult,C3_PRIVSYN_ICL_DP_SAMPLE_LLM,1.0,3,1002
73,0,1,0,Adult,C3_PRIVSYN_ICL_DP_SAMPLE_LLM,1.0,3,1002
74,0,0,0,Adult,C3_PRIVSYN_ICL_DP_SAMPLE_LLM,1.0,3,1002
75,0,0,0,Adult,C3_PRIVSYN_ICL_DP_SAMPLE_LLM,1.0,3,1002
76,0,0,0,Adult,C3_PRIVSYN_ICL_DP_SAMPLE_LLM,1.0,3,1002
77,0,0,0,Adult,C3_PRIVSYN_ICL_DP_SAMPLE_LLM,1.0,3,1002
78,1,1,0,Adult,C3_PRIVSYN_ICL_DP_SAMPLE_LLM,1.0,3,1002
79,0,0,0,Adult,C3_PRIVSYN_ICL_DP_SAMPLE_LLM,1.0,3,1002
80,1,1,2,Adult,C3_PRIVSYN_ICL_DP_SAMPLE_LLM,1.0,3,1002
81,0,1,0,Adult,C3_PRIVSYN_ICL_DP_SAMPLE_LLM,1.0,3,1002
82,0,0,0,Adult,C3_PRIVSYN_ICL_DP_SAMPLE_LLM,1.0,3,1002
83,0,0,0,Adult,C3_PRIVSYN_ICL_DP_SAMPLE_LLM,1.0,3,1002
84,1,1,2,Adult,C3_PRIVSYN_ICL_DP_SAMPLE_LLM,1.0,3,1002
85,1,0,0,Adult,C3_PRIVSYN_ICL_DP_SAMPLE_LLM,1.0,3,1002
86,1,1,0,Adult,C3_PRIVSYN_ICL_DP_SAMPLE_LLM,1.0,3,1002
87,1,1,0,Adult,C3_PRIVSYN_ICL_DP_SAMPLE_LLM,1.0,3,1002
88,0,0,0,Adult,C3_PRIVSYN_ICL_DP_SAMPLE_LLM,1.0,3,1002
89,1,0,2,Adult,C3_PRIVSYN_ICL_DP_SAMPLE_LLM,1.0,3,1002
90,1,0,0,Adult,C3_PRIVSYN_ICL_DP_SAMPLE_LLM,1.0,3,1002
91,0,0,0,Adult,C3_PRIVSYN_ICL_DP_SAMPLE_LLM,1.0,3,1002
92,1,1,0,Adult,C3_PRIVSYN_ICL_DP_SAMPLE_LLM,1.0,3,1002
93,1,1,0,Adult,C3_PRIVSYN_ICL_DP_SAMPLE_LLM,1.0,3,1002
94,0,0,0,Adult,C3_PRIVSYN_ICL_DP_SAMPLE_LLM,1.0,3,1002
95,1,1,0,Adult,C3_PRIVSYN_ICL_DP_SAMPLE_LLM,1.0,3,1002
96,0,0,0,Adult,C3_PRIVSYN_ICL_DP_SAMPLE_LLM,1.0,3,1002
97,1,1,0,Adult,C3_PRIVSYN_ICL_DP_SAMPLE_LLM,1.0,3,1002
98,0,1,0,Adult,C3_PRIVSYN_ICL_DP_SAMPLE_LLM,1.0,3,1002
99,1,1,0,Adult,C3_PRIVSYN_ICL_DP_SAMPLE_LLM,1.0,3,1002
0,1,1,2,Adult,C3_PRIVSYN_ICL_DP_SAMPLE_LLM,1.0,3,1003
1,0,1,2,Adult,C3_PRIVSYN_ICL_DP_SAMPLE_LLM,1.0,3,1003
2,0,0,2,Adult,C3_PRIVSYN_ICL_DP_SAMPLE_LLM,1.0,3,1003
3,0,0,0,Adult,C3_PRIVSYN_ICL_DP_SAMPLE_LLM,1.0,3,1003
4,1,1,2,Adult,C3_PRIVSYN_ICL_DP_SAMPLE_LLM,1.0,3,1003
5,0,0,2,Adult,C3_PRIVSYN_ICL_DP_SAMPLE_LLM,1.0,3,1003
6,0,0,2,Adult,C3_PRIVSYN_ICL_DP_SAMPLE_LLM,1.0,3,1003
7,0,0,2,Adult,C3_PRIVSYN_ICL_DP_SAMPLE_LLM,1.0,3,1003
8,1,1,2,Adult,C3_PRIVSYN_ICL_DP_SAMPLE_LLM,1.0,3,1003
9,1,1,2,Adult,C3_PRIVSYN_ICL_DP_SAMPLE_LLM,1.0,3,1003
10,1,1,2,Adult,C3_PRIVSYN_ICL_DP_SAMPLE_LLM,1.0,3,1003
11,1,1,2,Adult,C3_PRIVSYN_ICL_DP_SAMPLE_LLM,1.0,3,1003
12,0,0,2,Adult,C3_PRIVSYN_ICL_DP_SAMPLE_LLM,1.0,3,1003
13,1,1,2,Adult,C3_PRIVSYN_ICL_DP_SAMPLE_LLM,1.0,3,1003
14,0,0,2,Adult,C3_PRIVSYN_ICL_DP_SAMPLE_LLM,1.0,3,1003
15,0,1,2,Adult,C3_PRIVSYN_ICL_DP_SAMPLE_LLM,1.0,3,1003
16,0,0,2,Adult,C3_PRIVSYN_ICL_DP_SAMPLE_LLM,1.0,3,1003
17,1,1,2,Adult,C3_PRIVSYN_ICL_DP_SAMPLE_LLM,1.0,3,1003
18,0,0,2,Adult,C3_PRIVSYN_ICL_DP_SAMPLE_LLM,1.0,3,1003
19,1,0,2,Adult,C3_PRIVSYN_ICL_DP_SAMPLE_LLM,1.0,3,1003
20,0,1,0,Adult,C3_PRIVSYN_ICL_DP_SAMPLE_LLM,1.0,3,1003
21,0,1,2,Adult,C3_PRIVSYN_ICL_DP_SAMPLE_LLM,1.0,3,1003
22,1,1,2,Adult,C3_PRIVSYN_ICL_DP_SAMPLE_LLM,1.0,3,1003
23,1,1,2,Adult,C3_PRIVSYN_ICL_DP_SAMPLE_LLM,1.0,3,1003
24,1,1,2,Adult,C3_PRIVSYN_ICL_DP_SAMPLE_LLM,1.0,3,1003
25,1,0,2,Adult,C3_PRIVSYN_ICL_DP_SAMPLE_LLM,1.0,3,1003
26,0,0,0,Adult,C3_PRIVSYN_ICL_DP_SAMPLE_LLM,1.0,3,1003
27,1,1,0,Adult,C3_PRIVSYN_ICL_DP_SAMPLE_LLM,1.0,3,1003
28,0,1,2,Adult,C3_PRIVSYN_ICL_DP_SAMPLE_LLM,1.0,3,1003
29,0,0,0,Adult,C3_PRIVSYN_ICL_DP_SAMPLE_LLM,1.0,3,1003
30,1,1,2,Adult,C3_PRIVSYN_ICL_DP_SAMPLE_LLM,1.0,3,1003
31,1,1,2,Adult,C3_PRIVSYN_ICL_DP_SAMPLE_LLM,1.0,3,1003
32,1,0,2,Adult,C3_PRIVSYN_ICL_DP_SAMPLE_LLM,1.0,3,1003
33,1,1,2,Adult,C3_PRIVSYN_ICL_DP_SAMPLE_LLM,1.0,3,1003
34,1,0,2,Adult,C3_PRIVSYN_ICL_DP_SAMPLE_LLM,1.0,3,1003
35,0,0,2,Adult,C3_PRIVSYN_ICL_DP_SAMPLE_LLM,1.0,3,1003
36,0,0,2,Adult,C3_PRIVSYN_ICL_DP_SAMPLE_LLM,1.0,3,1003
37,0,0,2,Adult,C3_PRIVSYN_ICL_DP_SAMPLE_LLM,1.0,3,1003
38,1,1,2,Adult,C3_PRIVSYN_ICL_DP_SAMPLE_LLM,1.0,3,1003
39,1,1,2,Adult,C3_PRIVSYN_ICL_DP_SAMPLE_LLM,1.0,3,1003
40,1,1,2,Adult,C3_PRIVSYN_ICL_DP_SAMPLE_LLM,1.0,3,1003
41,0,0,0,Adult,C3_PRIVSYN_ICL_DP_SAMPLE_LLM,1.0,3,1003
42,1,1,0,Adult,C3_PRIVSYN_ICL_DP_SAMPLE_LLM,1.0,3,1003
43,0,0,2,Adult,C3_PRIVSYN_ICL_DP_SAMPLE_LLM,1.0,3,1003
44,0,0,0,Adult,C3_PRIVSYN_ICL_DP_SAMPLE_LLM,1.0,3,1003
45,1,1,2,Adult,C3_PRIVSYN_ICL_DP_SAMPLE_LLM,1.0,3,1003
46,1,0,2,Adult,C3_PRIVSYN_ICL_DP_SAMPLE_LLM,1.0,3,1003
47,1,1,2,Adult,C3_PRIVSYN_ICL_DP_SAMPLE_LLM,1.0,3,1003
48,1,1,2,Adult,C3_PRIVSYN_ICL_DP_SAMPLE_LLM,1.0,3,1003
49,0,1,2,Adult,C3_PRIVSYN_ICL_DP_SAMPLE_LLM,1.0,3,1003
50,1,1,2,Adult,C3_PRIVSYN_ICL_DP_SAMPLE_LLM,1.0,3,1003
51,0,0,0,Adult,C3_PRIVSYN_ICL_DP_SAMPLE_LLM,1.0,3,1003
52,1,1,2,Adult,C3_PRIVSYN_ICL_DP_SAMPLE_LLM,1.0,3,1003
53,0,0,2,Adult,C3_PRIVSYN_ICL_DP_SAMPLE_LLM,1.0,3,1003
54,0,0,2,Adult,C3_PRIVSYN_ICL_DP_SAMPLE_LLM,1.0,3,1003
55,0,1,2,Adult,C3_PRIVSYN_ICL_DP_SAMPLE_LLM,1.0,3,1003
56,0,1,0,Adult,C3_PRIVSYN_ICL_DP_SAMPLE_LLM,1.0,3,1003
57,1,1,2,Adult,C3_PRIVSYN_ICL_DP_SAMPLE_LLM,1.0,3,1003
58,1,1,2,Adult,C3_PRIVSYN_ICL_DP_SAMPLE_LLM,1.0,3,1003
59,0,0,2,Adult,C3_PRIVSYN_ICL_DP_SAMPLE_LLM,1.0,3,1003
60,1,0,2,Adult,C3_PRIVSYN_ICL_DP_SAMPLE_LLM,1.0,3,1003
61,1,1,2,Adult,C3_PRIVSYN_ICL_DP_SAMPLE_LLM,1.0,3,1003
62,1,1,0,Adult,C3_PRIVSYN_ICL_DP_SAMPLE_LLM,1.0,3,1003
63,1,1,2,Adult,C3_PRIVSYN_ICL_DP_SAMPLE_LLM,1.0,3,1003
64,0,1,2,Adult,C3_PRIVSYN_ICL_DP_SAMPLE_LLM,1.0,3,1003
65,0,0,2,Adult,C3_PRIVSYN_ICL_DP_SAMPLE_LLM,1.0,3,1003
66,1,0,2,Adult,C3_PRIVSYN_ICL_DP_SAMPLE_LLM,1.0,3,1003
67,1,1,2,Adult,C3_PRIVSYN_ICL_DP_SAMPLE_LLM,1.0,3,1003
68,0,0,2,Adult,C3_PRIVSYN_ICL_DP_SAMPLE_LLM,1.0,3,1003
69,0,0,2,Adult,C3_PRIVSYN_ICL_DP_SAMPLE_LLM,1.0,3,1003
70,0,0,2,Adult,C3_PRIVSYN_ICL_DP_SAMPLE_LLM,1.0,3,1003
71,0,0,2,Adult,C3_PRIVSYN_ICL_DP_SAMPLE_LLM,1.0,3,1003
72,0,0,2,Adult,C3_PRIVSYN_ICL_DP_SAMPLE_LLM,1.0,3,1003
73,0,1,2,Adult,C3_PRIVSYN_ICL_DP_SAMPLE_LLM,1.0,3,1003
74,0,0,2,Adult,C3_PRIVSYN_ICL_DP_SAMPLE_LLM,1.0,3,1003
75,0,0,0,Adult,C3_PRIVSYN_ICL_DP_SAMPLE_LLM,1.0,3,1003
76,0,1,2,Adult,C3_PRIVSYN_ICL_DP_SAMPLE_LLM,1.0,3,1003
77,0,0,2,Adult,C3_PRIVSYN_ICL_DP_SAMPLE_LLM,1.0,3,1003
78,1,0,0,Adult,C3_PRIVSYN_ICL_DP_SAMPLE_LLM,1.0,3,1003
79,0,0,2,Adult,C3_PRIVSYN_ICL_DP_SAMPLE_LLM,1.0,3,1003
80,1,1,2,Adult,C3_PRIVSYN_ICL_DP_SAMPLE_LLM,1.0,3,1003
81,0,0,2,Adult,C3_PRIVSYN_ICL_DP_SAMPLE_LLM,1.0,3,1003
82,0,0,2,Adult,C3_PRIVSYN_ICL_DP_SAMPLE_LLM,1.0,3,1003
83,0,0,0,Adult,C3_PRIVSYN_ICL_DP_SAMPLE_LLM,1.0,3,1003
84,1,1,2,Adult,C3_PRIVSYN_ICL_DP_SAMPLE_LLM,1.0,3,1003
85,1,1,2,Adult,C3_PRIVSYN_ICL_DP_SAMPLE_LLM,1.0,3,1003
86,1,1,2,Adult,C3_PRIVSYN_ICL_DP_SAMPLE_LLM,1.0,3,1003
87,1,1,2,Adult,C3_PRIVSYN_ICL_DP_SAMPLE_LLM,1.0,3,1003
88,0,0,2,Adult,C3_PRIVSYN_ICL_DP_SAMPLE_LLM,1.0,3,1003
89,1,0,2,Adult,C3_PRIVSYN_ICL_DP_SAMPLE_LLM,1.0,3,1003
90,1,0,2,Adult,C3_PRIVSYN_ICL_DP_SAMPLE_LLM,1.0,3,1003
91,0,0,0,Adult,C3_PRIVSYN_ICL_DP_SAMPLE_LLM,1.0,3,1003
92,1,1,2,Adult,C3_PRIVSYN_ICL_DP_SAMPLE_LLM,1.0,3,1003
93,1,1,2,Adult,C3_PRIVSYN_ICL_DP_SAMPLE_LLM,1.0,3,1003
94,0,0,0,Adult,C3_PRIVSYN_ICL_DP_SAMPLE_LLM,1.0,3,1003
95,1,1,2,Adult,C3_PRIVSYN_ICL_DP_SAMPLE_LLM,1.0,3,1003
96,0,0,0,Adult,C3_PRIVSYN_ICL_DP_SAMPLE_LLM,1.0,3,1003
97,1,1,2,Adult,C3_PRIVSYN_ICL_DP_SAMPLE_LLM,1.0,3,1003
98,0,1,2,Adult,C3_PRIVSYN_ICL_DP_SAMPLE_LLM,1.0,3,1003
99,1,0,2,Adult,C3_PRIVSYN_ICL_DP_SAMPLE_LLM,1.0,3,1003
0,1,1,2,Adult,C3_PRIVSYN_ICL_DP_SAMPLE_LLM,1.0,3,1004
1,0,0,1,Adult,C3_PRIVSYN_ICL_DP_SAMPLE_LLM,1.0,3,1004
2,0,0,2,Adult,C3_PRIVSYN_ICL_DP_SAMPLE_LLM,1.0,3,1004
3,0,1,2,Adult,C3_PRIVSYN_ICL_DP_SAMPLE_LLM,1.0,3,1004
4,1,1,1,Adult,C3_PRIVSYN_ICL_DP_SAMPLE_LLM,1.0,3,1004
5,0,0,2,Adult,C3_PRIVSYN_ICL_DP_SAMPLE_LLM,1.0,3,1004
6,0,0,2,Adult,C3_PRIVSYN_ICL_DP_SAMPLE_LLM,1.0,3,1004
7,0,0,2,Adult,C3_PRIVSYN_ICL_DP_SAMPLE_LLM,1.0,3,1004
8,1,1,1,Adult,C3_PRIVSYN_ICL_DP_SAMPLE_LLM,1.0,3,1004
9,1,1,1,Adult,C3_PRIVSYN_ICL_DP_SAMPLE_LLM,1.0,3,1004
10,1,0,1,Adult,C3_PRIVSYN_ICL_DP_SAMPLE_LLM,1.0,3,1004
11,1,1,1,Adult,C3_PRIVSYN_ICL_DP_SAMPLE_LLM,1.0,3,1004
12,0,0,2,Adult,C3_PRIVSYN_ICL_DP_SAMPLE_LLM,1.0,3,1004
13,1,1,1,Adult,C3_PRIVSYN_ICL_DP_SAMPLE_LLM,1.0,3,1004
14,0,0,2,Adult,C3_PRIVSYN_ICL_DP_SAMPLE_LLM,1.0,3,1004
15,0,1,1,Adult,C3_PRIVSYN_ICL_DP_SAMPLE_LLM,1.0,3,1004
16,0,0,1,Adult,C3_PRIVSYN_ICL_DP_SAMPLE_LLM,1.0,3,1004
17,1,0,1,Adult,C3_PRIVSYN_ICL_DP_SAMPLE_LLM,1.0,3,1004
18,0,0,1,Adult,C3_PRIVSYN_ICL_DP_SAMPLE_LLM,1.0,3,1004
19,1,0,1,Adult,C3_PRIVSYN_ICL_DP_SAMPLE_LLM,1.0,3,1004
20,0,1,2,Adult,C3_PRIVSYN_ICL_DP_SAMPLE_LLM,1.0,3,1004
21,0,0,1,Adult,C3_PRIVSYN_ICL_DP_SAMPLE_LLM,1.0,3,1004
22,1,1,1,Adult,C3_PRIVSYN_ICL_DP_SAMPLE_LLM,1.0,3,1004
23,1,1,1,Adult,C3_PRIVSYN_ICL_DP_SAMPLE_LLM,1.0,3,1004
24,1,1,1,Adult,C3_PRIVSYN_ICL_DP_SAMPLE_LLM,1.0,3,1004
25,1,1,1,Adult,C3_PRIVSYN_ICL_DP_SAMPLE_LLM,1.0,3,1004
26,0,0,2,Adult,C3_PRIVSYN_ICL_DP_SAMPLE_LLM,1.0,3,1004
27,1,1,2,Adult,C3_PRIVSYN_ICL_DP_SAMPLE_LLM,1.0,3,1004
28,0,0,1,Adult,C3_PRIVSYN_ICL_DP_SAMPLE_LLM,1.0,3,1004
29,0,0,2,Adult,C3_PRIVSYN_ICL_DP_SAMPLE_LLM,1.0,3,1004
30,1,1,1,Adult,C3_PRIVSYN_ICL_DP_SAMPLE_LLM,1.0,3,1004
31,1,1,1,Adult,C3_PRIVSYN_ICL_DP_SAMPLE_LLM,1.0,3,1004
32,1,0,2,Adult,C3_PRIVSYN_ICL_DP_SAMPLE_LLM,1.0,3,1004
33,1,1,1,Adult,C3_PRIVSYN_ICL_DP_SAMPLE_LLM,1.0,3,1004
34,1,0,2,Adult,C3_PRIVSYN_ICL_DP_SAMPLE_LLM,1.0,3,1004
35,0,0,1,Adult,C3_PRIVSYN_ICL_DP_SAMPLE_LLM,1.0,3,1004
36,0,0,1,Adult,C3_PRIVSYN_ICL_DP_SAMPLE_LLM,1.0,3,1004
37,0,0,2,Adult,C3_PRIVSYN_ICL_DP_SAMPLE_LLM,1.0,3,1004
38,1,0,1,Adult,C3_PRIVSYN_ICL_DP_SAMPLE_LLM,1.0,3,1004
39,1,0,1,Adult,C3_PRIVSYN_ICL_DP_SAMPLE_LLM,1.0,3,1004
40,1,0,2,Adult,C3_PRIVSYN_ICL_DP_SAMPLE_LLM,1.0,3,1004
41,0,1,2,Adult,C3_PRIVSYN_ICL_DP_SAMPLE_LLM,1.0,3,1004
42,1,1,2,Adult,C3_PRIVSYN_ICL_DP_SAMPLE_LLM,1.0,3,1004
43,0,0,2,Adult,C3_PRIVSYN_ICL_DP_SAMPLE_LLM,1.0,3,1004
44,0,1,2,Adult,C3_PRIVSYN_ICL_DP_SAMPLE_LLM,1.0,3,1004
45,1,0,1,Adult,C3_PRIVSYN_ICL_DP_SAMPLE_LLM,1.0,3,1004
46,1,1,1,Adult,C3_PRIVSYN_ICL_DP_SAMPLE_LLM,1.0,3,1004
47,1,1,1,Adult,C3_PRIVSYN_ICL_DP_SAMPLE_LLM,1.0,3,1004
48,1,1,1,Adult,C3_PRIVSYN_ICL_DP_SAMPLE_LLM,1.0,3,1004
49,0,1,1,Adult,C3_PRIVSYN_ICL_DP_SAMPLE_LLM,1.0,3,1004
50,1,1,1,Adult,C3_PRIVSYN_ICL_DP_SAMPLE_LLM,1.0,3,1004
51,0,0,2,Adult,C3_PRIVSYN_ICL_DP_SAMPLE_LLM,1.0,3,1004
52,1,1,1,Adult,C3_PRIVSYN_ICL_DP_SAMPLE_LLM,1.0,3,1004
53,0,0,2,Adult,C3_PRIVSYN_ICL_DP_SAMPLE_LLM,1.0,3,1004
54,0,0,2,Adult,C3_PRIVSYN_ICL_DP_SAMPLE_LLM,1.0,3,1004
55,0,1,1,Adult,C3_PRIVSYN_ICL_DP_SAMPLE_LLM,1.0,3,1004
56,0,1,2,Adult,C3_PRIVSYN_ICL_DP_SAMPLE_LLM,1.0,3,1004
57,1,1,1,Adult,C3_PRIVSYN_ICL_DP_SAMPLE_LLM,1.0,3,1004
58,1,1,1,Adult,C3_PRIVSYN_ICL_DP_SAMPLE_LLM,1.0,3,1004
59,0,0,2,Adult,C3_PRIVSYN_ICL_DP_SAMPLE_LLM,1.0,3,1004
60,1,1,1,Adult,C3_PRIVSYN_ICL_DP_SAMPLE_LLM,1.0,3,1004
61,1,1,1,Adult,C3_PRIVSYN_ICL_DP_SAMPLE_LLM,1.0,3,1004
62,1,1,2,Adult,C3_PRIVSYN_ICL_DP_SAMPLE_LLM,1.0,3,1004
63,1,1,1,Adult,C3_PRIVSYN_ICL_DP_SAMPLE_LLM,1.0,3,1004
64,0,0,1,Adult,C3_PRIVSYN_ICL_DP_SAMPLE_LLM,1.0,3,1004
65,0,0,2,Adult,C3_PRIVSYN_ICL_DP_SAMPLE_LLM,1.0,3,1004
66,1,0,1,Adult,C3_PRIVSYN_ICL_DP_SAMPLE_LLM,1.0,3,1004
67,1,1,1,Adult,C3_PRIVSYN_ICL_DP_SAMPLE_LLM,1.0,3,1004
68,0,1,2,Adult,C3_PRIVSYN_ICL_DP_SAMPLE_LLM,1.0,3,1004
69,0,1,2,Adult,C3_PRIVSYN_ICL_DP_SAMPLE_LLM,1.0,3,1004
70,0,1,1,Adult,C3_PRIVSYN_ICL_DP_SAMPLE_LLM,1.0,3,1004
71,0,0,1,Adult,C3_PRIVSYN_ICL_DP_SAMPLE_LLM,1.0,3,1004
72,0,0,2,Adult,C3_PRIVSYN_ICL_DP_SAMPLE_LLM,1.0,3,1004
73,0,0,1,Adult,C3_PRIVSYN_ICL_DP_SAMPLE_LLM,1.0,3,1004
74,0,0,2,Adult,C3_PRIVSYN_ICL_DP_SAMPLE_LLM,1.0,3,1004
75,0,0,2,Adult,C3_PRIVSYN_ICL_DP_SAMPLE_LLM,1.0,3,1004
76,0,0,1,Adult,C3_PRIVSYN_ICL_DP_SAMPLE_LLM,1.0,3,1004
77,0,0,2,Adult,C3_PRIVSYN_ICL_DP_SAMPLE_LLM,1.0,3,1004
78,1,1,2,Adult,C3_PRIVSYN_ICL_DP_SAMPLE_LLM,1.0,3,1004
79,0,0,1,Adult,C3_PRIVSYN_ICL_DP_SAMPLE_LLM,1.0,3,1004
80,1,1,1,Adult,C3_PRIVSYN_ICL_DP_SAMPLE_LLM,1.0,3,1004
81,0,1,1,Adult,C3_PRIVSYN_ICL_DP_SAMPLE_LLM,1.0,3,1004
82,0,0,2,Adult,C3_PRIVSYN_ICL_DP_SAMPLE_LLM,1.0,3,1004
83,0,0,2,Adult,C3_PRIVSYN_ICL_DP_SAMPLE_LLM,1.0,3,1004
84,1,1,1,Adult,C3_PRIVSYN_ICL_DP_SAMPLE_LLM,1.0,3,1004
85,1,1,1,Adult,C3_PRIVSYN_ICL_DP_SAMPLE_LLM,1.0,3,1004
86,1,1,1,Adult,C3_PRIVSYN_ICL_DP_SAMPLE_LLM,1.0,3,1004
87,1,1,1,Adult,C3_PRIVSYN_ICL_DP_SAMPLE_LLM,1.0,3,1004
88,0,0,2,Adult,C3_PRIVSYN_ICL_DP_SAMPLE_LLM,1.0,3,1004
89,1,1,1,Adult,C3_PRIVSYN_ICL_DP_SAMPLE_LLM,1.0,3,1004
90,1,1,1,Adult,C3_PRIVSYN_ICL_DP_SAMPLE_LLM,1.0,3,1004
91,0,1,2,Adult,C3_PRIVSYN_ICL_DP_SAMPLE_LLM,1.0,3,1004
92,1,1,1,Adult,C3_PRIVSYN_ICL_DP_SAMPLE_LLM,1.0,3,1004
93,1,0,1,Adult,C3_PRIVSYN_ICL_DP_SAMPLE_LLM,1.0,3,1004
94,0,0,2,Adult,C3_PRIVSYN_ICL_DP_SAMPLE_LLM,1.0,3,1004
95,1,1,1,Adult,C3_PRIVSYN_ICL_DP_SAMPLE_LLM,1.0,3,1004
96,0,0,2,Adult,C3_PRIVSYN_ICL_DP_SAMPLE_LLM,1.0,3,1004
97,1,1,1,Adult,C3_PRIVSYN_ICL_DP_SAMPLE_LLM,1.0,3,1004
98,0,0,1,Adult,C3_PRIVSYN_ICL_DP_SAMPLE_LLM,1.0,3,1004
99,1,0,1,Adult,C3_PRIVSYN_ICL_DP_SAMPLE_LLM,1.0,3,1004
0,1,1,0,Adult,C3_PRIVSYN_ICL_DP_SAMPLE_LLM,1.0,3,1005
1,0,1,0,Adult,C3_PRIVSYN_ICL_DP_SAMPLE_LLM,1.0,3,1005
2,0,0,0,Adult,C3_PRIVSYN_ICL_DP_SAMPLE_LLM,1.0,3,1005
3,0,0,0,Adult,C3_PRIVSYN_ICL_DP_SAMPLE_LLM,1.0,3,1005
4,1,1,0,Adult,C3_PRIVSYN_ICL_DP_SAMPLE_LLM,1.0,3,1005
5,0,0,0,Adult,C3_PRIVSYN_ICL_DP_SAMPLE_LLM,1.0,3,1005
6,0,0,0,Adult,C3_PRIVSYN_ICL_DP_SAMPLE_LLM,1.0,3,1005
7,0,0,0,Adult,C3_PRIVSYN_ICL_DP_SAMPLE_LLM,1.0,3,1005
8,1,1,0,Adult,C3_PRIVSYN_ICL_DP_SAMPLE_LLM,1.0,3,1005
9,1,1,0,Adult,C3_PRIVSYN_ICL_DP_SAMPLE_LLM,1.0,3,1005
10,1,0,0,Adult,C3_PRIVSYN_ICL_DP_SAMPLE_LLM,1.0,3,1005
11,1,0,0,Adult,C3_PRIVSYN_ICL_DP_SAMPLE_LLM,1.0,3,1005
12,0,0,0,Adult,C3_PRIVSYN_ICL_DP_SAMPLE_LLM,1.0,3,1005
13,1,1,0,Adult,C3_PRIVSYN_ICL_DP_SAMPLE_LLM,1.0,3,1005
14,0,0,0,Adult,C3_PRIVSYN_ICL_DP_SAMPLE_LLM,1.0,3,1005
15,0,0,0,Adult,C3_PRIVSYN_ICL_DP_SAMPLE_LLM,1.0,3,1005
16,0,1,0,Adult,C3_PRIVSYN_ICL_DP_SAMPLE_LLM,1.0,3,1005
17,1,0,0,Adult,C3_PRIVSYN_ICL_DP_SAMPLE_LLM,1.0,3,1005
18,0,0,0,Adult,C3_PRIVSYN_ICL_DP_SAMPLE_LLM,1.0,3,1005
19,1,0,0,Adult,C3_PRIVSYN_ICL_DP_SAMPLE_LLM,1.0,3,1005
20,0,0,0,Adult,C3_PRIVSYN_ICL_DP_SAMPLE_LLM,1.0,3,1005
21,0,0,0,Adult,C3_PRIVSYN_ICL_DP_SAMPLE_LLM,1.0,3,1005
22,1,1,0,Adult,C3_PRIVSYN_ICL_DP_SAMPLE_LLM,1.0,3,1005
23,1,1,0,Adult,C3_PRIVSYN_ICL_DP_SAMPLE_LLM,1.0,3,1005
24,1,1,0,Adult,C3_PRIVSYN_ICL_DP_SAMPLE_LLM,1.0,3,1005
25,1,1,0,Adult,C3_PRIVSYN_ICL_DP_SAMPLE_LLM,1.0,3,1005
26,0,0,0,Adult,C3_PRIVSYN_ICL_DP_SAMPLE_LLM,1.0,3,1005
27,1,1,0,Adult,C3_PRIVSYN_ICL_DP_SAMPLE_LLM,1.0,3,1005
28,0,0,0,Adult,C3_PRIVSYN_ICL_DP_SAMPLE_LLM,1.0,3,1005
29,0,0,0,Adult,C3_PRIVSYN_ICL_DP_SAMPLE_LLM,1.0,3,1005
30,1,1,0,Adult,C3_PRIVSYN_ICL_DP_SAMPLE_LLM,1.0,3,1005
31,1,0,0,Adult,C3_PRIVSYN_ICL_DP_SAMPLE_LLM,1.0,3,1005
32,1,0,0,Adult,C3_PRIVSYN_ICL_DP_SAMPLE_LLM,1.0,3,1005
33,1,1,0,Adult,C3_PRIVSYN_ICL_DP_SAMPLE_LLM,1.0,3,1005
34,1,0,0,Adult,C3_PRIVSYN_ICL_DP_SAMPLE_LLM,1.0,3,1005
35,0,1,0,Adult,C3_PRIVSYN_ICL_DP_SAMPLE_LLM,1.0,3,1005
36,0,0,0,Adult,C3_PRIVSYN_ICL_DP_SAMPLE_LLM,1.0,3,1005
37,0,0,0,Adult,C3_PRIVSYN_ICL_DP_SAMPLE_LLM,1.0,3,1005
38,1,1,0,Adult,C3_PRIVSYN_ICL_DP_SAMPLE_LLM,1.0,3,1005
39,1,0,0,Adult,C3_PRIVSYN_ICL_DP_SAMPLE_LLM,1.0,3,1005
40,1,0,0,Adult,C3_PRIVSYN_ICL_DP_SAMPLE_LLM,1.0,3,1005
41,0,0,0,Adult,C3_PRIVSYN_ICL_DP_SAMPLE_LLM,1.0,3,1005
42,1,1,0,Adult,C3_PRIVSYN_ICL_DP_SAMPLE_LLM,1.0,3,1005
43,0,0,0,Adult,C3_PRIVSYN_ICL_DP_SAMPLE_LLM,1.0,3,1005
44,0,0,0,Adult,C3_PRIVSYN_ICL_DP_SAMPLE_LLM,1.0,3,1005
45,1,1,0,Adult,C3_PRIVSYN_ICL_DP_SAMPLE_LLM,1.0,3,1005
46,1,0,0,Adult,C3_PRIVSYN_ICL_DP_SAMPLE_LLM,1.0,3,1005
47,1,1,0,Adult,C3_PRIVSYN_ICL_DP_SAMPLE_LLM,1.0,3,1005
48,1,1,0,Adult,C3_PRIVSYN_ICL_DP_SAMPLE_LLM,1.0,3,1005
49,0,1,0,Adult,C3_PRIVSYN_ICL_DP_SAMPLE_LLM,1.0,3,1005
50,1,0,0,Adult,C3_PRIVSYN_ICL_DP_SAMPLE_LLM,1.0,3,1005
51,0,0,0,Adult,C3_PRIVSYN_ICL_DP_SAMPLE_LLM,1.0,3,1005
52,1,1,0,Adult,C3_PRIVSYN_ICL_DP_SAMPLE_LLM,1.0,3,1005
53,0,0,0,Adult,C3_PRIVSYN_ICL_DP_SAMPLE_LLM,1.0,3,1005
54,0,0,0,Adult,C3_PRIVSYN_ICL_DP_SAMPLE_LLM,1.0,3,1005
55,0,1,0,Adult,C3_PRIVSYN_ICL_DP_SAMPLE_LLM,1.0,3,1005
56,0,0,0,Adult,C3_PRIVSYN_ICL_DP_SAMPLE_LLM,1.0,3,1005
57,1,1,0,Adult,C3_PRIVSYN_ICL_DP_SAMPLE_LLM,1.0,3,1005
58,1,1,0,Adult,C3_PRIVSYN_ICL_DP_SAMPLE_LLM,1.0,3,1005
59,0,0,0,Adult,C3_PRIVSYN_ICL_DP_SAMPLE_LLM,1.0,3,1005
60,1,0,0,Adult,C3_PRIVSYN_ICL_DP_SAMPLE_LLM,1.0,3,1005
61,1,1,0,Adult,C3_PRIVSYN_ICL_DP_SAMPLE_LLM,1.0,3,1005
62,1,0,0,Adult,C3_PRIVSYN_ICL_DP_SAMPLE_LLM,1.0,3,1005
63,1,1,0,Adult,C3_PRIVSYN_ICL_DP_SAMPLE_LLM,1.0,3,1005
64,0,0,0,Adult,C3_PRIVSYN_ICL_DP_SAMPLE_LLM,1.0,3,1005
65,0,0,0,Adult,C3_PRIVSYN_ICL_DP_SAMPLE_LLM,1.0,3,1005
66,1,0,0,Adult,C3_PRIVSYN_ICL_DP_SAMPLE_LLM,1.0,3,1005
67,1,1,0,Adult,C3_PRIVSYN_ICL_DP_SAMPLE_LLM,1.0,3,1005
68,0,0,0,Adult,C3_PRIVSYN_ICL_DP_SAMPLE_LLM,1.0,3,1005
69,0,0,0,Adult,C3_PRIVSYN_ICL_DP_SAMPLE_LLM,1.0,3,1005
70,0,0,0,Adult,C3_PRIVSYN_ICL_DP_SAMPLE_LLM,1.0,3,1005
71,0,1,0,Adult,C3_PRIVSYN_ICL_DP_SAMPLE_LLM,1.0,3,1005
72,0,0,0,Adult,C3_PRIVSYN_ICL_DP_SAMPLE_LLM,1.0,3,1005
73,0,1,0,Adult,C3_PRIVSYN_ICL_DP_SAMPLE_LLM,1.0,3,1005
74,0,0,0,Adult,C3_PRIVSYN_ICL_DP_SAMPLE_LLM,1.0,3,1005
75,0,0,0,Adult,C3_PRIVSYN_ICL_DP_SAMPLE_LLM,1.0,3,1005
76,0,1,0,Adult,C3_PRIVSYN_ICL_DP_SAMPLE_LLM,1.0,3,1005
77,0,0,0,Adult,C3_PRIVSYN_ICL_DP_SAMPLE_LLM,1.0,3,1005
78,1,0,0,Adult,C3_PRIVSYN_ICL_DP_SAMPLE_LLM,1.0,3,1005
79,0,0,0,Adult,C3_PRIVSYN_ICL_DP_SAMPLE_LLM,1.0,3,1005
80,1,1,0,Adult,C3_PRIVSYN_ICL_DP_SAMPLE_LLM,1.0,3,1005
81,0,1,0,Adult,C3_PRIVSYN_ICL_DP_SAMPLE_LLM,1.0,3,1005
82,0,0,0,Adult,C3_PRIVSYN_ICL_DP_SAMPLE_LLM,1.0,3,1005
83,0,0,0,Adult,C3_PRIVSYN_ICL_DP_SAMPLE_LLM,1.0,3,1005
84,1,1,0,Adult,C3_PRIVSYN_ICL_DP_SAMPLE_LLM,1.0,3,1005
85,1,1,0,Adult,C3_PRIVSYN_ICL_DP_SAMPLE_LLM,1.0,3,1005
86,1,1,0,Adult,C3_PRIVSYN_ICL_DP_SAMPLE_LLM,1.0,3,1005
87,1,1,0,Adult,C3_PRIVSYN_ICL_DP_SAMPLE_LLM,1.0,3,1005
88,0,0,0,Adult,C3_PRIVSYN_ICL_DP_SAMPLE_LLM,1.0,3,1005
89,1,1,0,Adult,C3_PRIVSYN_ICL_DP_SAMPLE_LLM,1.0,3,1005
90,1,1,0,Adult,C3_PRIVSYN_ICL_DP_SAMPLE_LLM,1.0,3,1005
91,0,1,0,Adult,C3_PRIVSYN_ICL_DP_SAMPLE_LLM,1.0,3,1005
92,1,1,0,Adult,C3_PRIVSYN_ICL_DP_SAMPLE_LLM,1.0,3,1005
93,1,1,0,Adult,C3_PRIVSYN_ICL_DP_SAMPLE_LLM,1.0,3,1005
94,0,0,0,Adult,C3_PRIVSYN_ICL_DP_SAMPLE_LLM,1.0,3,1005
95,1,1,0,Adult,C3_PRIVSYN_ICL_DP_SAMPLE_LLM,1.0,3,1005
96,0,0,0,Adult,C3_PRIVSYN_ICL_DP_SAMPLE_LLM,1.0,3,1005
97,1,1,0,Adult,C3_PRIVSYN_ICL_DP_SAMPLE_LLM,1.0,3,1005
98,0,1,0,Adult,C3_PRIVSYN_ICL_DP_SAMPLE_LLM,1.0,3,1005
99,1,0,0,Adult,C3_PRIVSYN_ICL_DP_SAMPLE_LLM,1.0,3,1005
0,1,0,2,Adult,C3_PRIVSYN_ICL_DP_SAMPLE_LLM,1.0,3,1006
1,0,1,2,Adult,C3_PRIVSYN_ICL_DP_SAMPLE_LLM,1.0,3,1006
2,0,0,2,Adult,C3_PRIVSYN_ICL_DP_SAMPLE_LLM,1.0,3,1006
3,0,1,0,Adult,C3_PRIVSYN_ICL_DP_SAMPLE_LLM,1.0,3,1006
4,1,1,2,Adult,C3_PRIVSYN_ICL_DP_SAMPLE_LLM,1.0,3,1006
5,0,0,2,Adult,C3_PRIVSYN_ICL_DP_SAMPLE_LLM,1.0,3,1006
6,0,0,2,Adult,C3_PRIVSYN_ICL_DP_SAMPLE_LLM,1.0,3,1006
7,0,0,2,Adult,C3_PRIVSYN_ICL_DP_SAMPLE_LLM,1.0,3,1006
8,1,1,2,Adult,C3_PRIVSYN_ICL_DP_SAMPLE_LLM,1.0,3,1006
9,1,1,2,Adult,C3_PRIVSYN_ICL_DP_SAMPLE_LLM,1.0,3,1006
10,1,0,2,Adult,C3_PRIVSYN_ICL_DP_SAMPLE_LLM,1.0,3,1006
11,1,1,2,Adult,C3_PRIVSYN_ICL_DP_SAMPLE_LLM,1.0,3,1006
12,0,0,2,Adult,C3_PRIVSYN_ICL_DP_SAMPLE_LLM,1.0,3,1006
13,1,1,2,Adult,C3_PRIVSYN_ICL_DP_SAMPLE_LLM,1.0,3,1006
14,0,0,2,Adult,C3_PRIVSYN_ICL_DP_SAMPLE_LLM,1.0,3,1006
15,0,1,2,Adult,C3_PRIVSYN_ICL_DP_SAMPLE_LLM,1.0,3,1006
16,0,0,2,Adult,C3_PRIVSYN_ICL_DP_SAMPLE_LLM,1.0,3,1006
17,1,0,2,Adult,C3_PRIVSYN_ICL_DP_SAMPLE_LLM,1.0,3,1006
18,0,0,2,Adult,C3_PRIVSYN_ICL_DP_SAMPLE_LLM,1.0,3,1006
19,1,1,2,Adult,C3_PRIVSYN_ICL_DP_SAMPLE_LLM,1.0,3,1006
20,0,1,0,Adult,C3_PRIVSYN_ICL_DP_SAMPLE_LLM,1.0,3,1006
21,0,1,2,Adult,C3_PRIVSYN_ICL_DP_SAMPLE_LLM,1.0,3,1006
22,1,1,2,Adult,C3_PRIVSYN_ICL_DP_SAMPLE_LLM,1.0,3,1006
23,1,1,2,Adult,C3_PRIVSYN_ICL_DP_SAMPLE_LLM,1.0,3,1006
24,1,1,2,Adult,C3_PRIVSYN_ICL_DP_SAMPLE_LLM,1.0,3,1006
25,1,0,2,Adult,C3_PRIVSYN_ICL_DP_SAMPLE_LLM,1.0,3,1006
26,0,0,0,Adult,C3_PRIVSYN_ICL_DP_SAMPLE_LLM,1.0,3,1006
27,1,1,0,Adult,C3_PRIVSYN_ICL_DP_SAMPLE_LLM,1.0,3,1006
28,0,0,2,Adult,C3_PRIVSYN_ICL_DP_SAMPLE_LLM,1.0,3,1006
29,0,0,0,Adult,C3_PRIVSYN_ICL_DP_SAMPLE_LLM,1.0,3,1006
30,1,1,2,Adult,C3_PRIVSYN_ICL_DP_SAMPLE_LLM,1.0,3,1006
31,1,1,2,Adult,C3_PRIVSYN_ICL_DP_SAMPLE_LLM,1.0,3,1006
32,1,0,2,Adult,C3_PRIVSYN_ICL_DP_SAMPLE_LLM,1.0,3,1006
33,1,1,2,Adult,C3_PRIVSYN_ICL_DP_SAMPLE_LLM,1.0,3,1006
34,1,0,2,Adult,C3_PRIVSYN_ICL_DP_SAMPLE_LLM,1.0,3,1006
35,0,0,2,Adult,C3_PRIVSYN_ICL_DP_SAMPLE_LLM,1.0,3,1006
36,0,0,2,Adult,C3_PRIVSYN_ICL_DP_SAMPLE_LLM,1.0,3,1006
37,0,0,2,Adult,C3_PRIVSYN_ICL_DP_SAMPLE_LLM,1.0,3,1006
38,1,0,2,Adult,C3_PRIVSYN_ICL_DP_SAMPLE_LLM,1.0,3,1006
39,1,1,2,Adult,C3_PRIVSYN_ICL_DP_SAMPLE_LLM,1.0,3,1006
40,1,0,2,Adult,C3_PRIVSYN_ICL_DP_SAMPLE_LLM,1.0,3,1006
41,0,0,0,Adult,C3_PRIVSYN_ICL_DP_SAMPLE_LLM,1.0,3,1006
42,1,1,0,Adult,C3_PRIVSYN_ICL_DP_SAMPLE_LLM,1.0,3,1006
43,0,0,2,Adult,C3_PRIVSYN_ICL_DP_SAMPLE_LLM,1.0,3,1006
44,0,0,0,Adult,C3_PRIVSYN_ICL_DP_SAMPLE_LLM,1.0,3,1006
45,1,0,2,Adult,C3_PRIVSYN_ICL_DP_SAMPLE_LLM,1.0,3,1006
46,1,0,2,Adult,C3_PRIVSYN_ICL_DP_SAMPLE_LLM,1.0,3,1006
47,1,1,2,Adult,C3_PRIVSYN_ICL_DP_SAMPLE_LLM,1.0,3,1006
48,1,1,2,Adult,C3_PRIVSYN_ICL_DP_SAMPLE_LLM,1.0,3,1006
49,0,1,2,Adult,C3_PRIVSYN_ICL_DP_SAMPLE_LLM,1.0,3,1006
50,1,0,2,Adult,C3_PRIVSYN_ICL_DP_SAMPLE_LLM,1.0,3,1006
51,0,0,0,Adult,C3_PRIVSYN_ICL_DP_SAMPLE_LLM,1.0,3,1006
52,1,1,2,Adult,C3_PRIVSYN_ICL_DP_SAMPLE_LLM,1.0,3,1006
53,0,0,2,Adult,C3_PRIVSYN_ICL_DP_SAMPLE_LLM,1.0,3,1006
54,0,0,2,Adult,C3_PRIVSYN_ICL_DP_SAMPLE_LLM,1.0,3,1006
55,0,1,2,Adult,C3_PRIVSYN_ICL_DP_SAMPLE_LLM,1.0,3,1006
56,0,1,0,Adult,C3_PRIVSYN_ICL_DP_SAMPLE_LLM,1.0,3,1006
57,1,1,2,Adult,C3_PRIVSYN_ICL_DP_SAMPLE_LLM,1.0,3,1006
58,1,0,2,Adult,C3_PRIVSYN_ICL_DP_SAMPLE_LLM,1.0,3,1006
59,0,0,2,Adult,C3_PRIVSYN_ICL_DP_SAMPLE_LLM,1.0,3,1006
60,1,1,2,Adult,C3_PRIVSYN_ICL_DP_SAMPLE_LLM,1.0,3,1006
61,1,0,2,Adult,C3_PRIVSYN_ICL_DP_SAMPLE_LLM,1.0,3,1006
62,1,0,0,Adult,C3_PRIVSYN_ICL_DP_SAMPLE_LLM,1.0,3,1006
63,1,1,2,Adult,C3_PRIVSYN_ICL_DP_SAMPLE_LLM,1.0,3,1006
64,0,0,2,Adult,C3_PRIVSYN_ICL_DP_SAMPLE_LLM,1.0,3,1006
65,0,0,2,Adult,C3_PRIVSYN_ICL_DP_SAMPLE_LLM,1.0,3,1006
66,1,0,2,Adult,C3_PRIVSYN_ICL_DP_SAMPLE_LLM,1.0,3,1006
67,1,1,2,Adult,C3_PRIVSYN_ICL_DP_SAMPLE_LLM,1.0,3,1006
68,0,1,2,Adult,C3_PRIVSYN_ICL_DP_SAMPLE_LLM,1.0,3,1006
69,0,0,2,Adult,C3_PRIVSYN_ICL_DP_SAMPLE_LLM,1.0,3,1006
70,0,0,2,Adult,C3_PRIVSYN_ICL_DP_SAMPLE_LLM,1.0,3,1006
71,0,1,2,Adult,C3_PRIVSYN_ICL_DP_SAMPLE_LLM,1.0,3,1006
72,0,0,2,Adult,C3_PRIVSYN_ICL_DP_SAMPLE_LLM,1.0,3,1006
73,0,0,2,Adult,C3_PRIVSYN_ICL_DP_SAMPLE_LLM,1.0,3,1006
74,0,0,2,Adult,C3_PRIVSYN_ICL_DP_SAMPLE_LLM,1.0,3,1006
75,0,0,0,Adult,C3_PRIVSYN_ICL_DP_SAMPLE_LLM,1.0,3,1006
76,0,0,2,Adult,C3_PRIVSYN_ICL_DP_SAMPLE_LLM,1.0,3,1006
77,0,0,2,Adult,C3_PRIVSYN_ICL_DP_SAMPLE_LLM,1.0,3,1006
78,1,0,0,Adult,C3_PRIVSYN_ICL_DP_SAMPLE_LLM,1.0,3,1006
79,0,0,2,Adult,C3_PRIVSYN_ICL_DP_SAMPLE_LLM,1.0,3,1006
80,1,1,2,Adult,C3_PRIVSYN_ICL_DP_SAMPLE_LLM,1.0,3,1006
81,0,1,2,Adult,C3_PRIVSYN_ICL_DP_SAMPLE_LLM,1.0,3,1006
82,0,0,2,Adult,C3_PRIVSYN_ICL_DP_SAMPLE_LLM,1.0,3,1006
83,0,0,0,Adult,C3_PRIVSYN_ICL_DP_SAMPLE_LLM,1.0,3,1006
84,1,1,2,Adult,C3_PRIVSYN_ICL_DP_SAMPLE_LLM,1.0,3,1006
85,1,1,2,Adult,C3_PRIVSYN_ICL_DP_SAMPLE_LLM,1.0,3,1006
86,1,1,2,Adult,C3_PRIVSYN_ICL_DP_SAMPLE_LLM,1.0,3,1006
87,1,1,2,Adult,C3_PRIVSYN_ICL_DP_SAMPLE_LLM,1.0,3,1006
88,0,0,2,Adult,C3_PRIVSYN_ICL_DP_SAMPLE_LLM,1.0,3,1006
89,1,0,2,Adult,C3_PRIVSYN_ICL_DP_SAMPLE_LLM,1.0,3,1006
90,1,0,2,Adult,C3_PRIVSYN_ICL_DP_SAMPLE_LLM,1.0,3,1006
91,0,1,0,Adult,C3_PRIVSYN_ICL_DP_SAMPLE_LLM,1.0,3,1006
92,1,0,2,Adult,C3_PRIVSYN_ICL_DP_SAMPLE_LLM,1.0,3,1006
93,1,0,2,Adult,C3_PRIVSYN_ICL_DP_SAMPLE_LLM,1.0,3,1006
94,0,0,0,Adult,C3_PRIVSYN_ICL_DP_SAMPLE_LLM,1.0,3,1006
95,1,1,2,Adult,C3_PRIVSYN_ICL_DP_SAMPLE_LLM,1.0,3,1006
96,0,0,0,Adult,C3_PRIVSYN_ICL_DP_SAMPLE_LLM,1.0,3,1006
97,1,1,2,Adult,C3_PRIVSYN_ICL_DP_SAMPLE_LLM,1.0,3,1006
98,0,0,2,Adult,C3_PRIVSYN_ICL_DP_SAMPLE_LLM,1.0,3,1006
99,1,0,2,Adult,C3_PRIVSYN_ICL_DP_SAMPLE_LLM,1.0,3,1006
0,1,1,0,Adult,C3_PRIVSYN_ICL_DP_SAMPLE_LLM,1.0,3,1007
1,0,1,0,Adult,C3_PRIVSYN_ICL_DP_SAMPLE_LLM,1.0,3,1007
2,0,0,0,Adult,C3_PRIVSYN_ICL_DP_SAMPLE_LLM,1.0,3,1007
3,0,0,2,Adult,C3_PRIVSYN_ICL_DP_SAMPLE_LLM,1.0,3,1007
4,1,1,0,Adult,C3_PRIVSYN_ICL_DP_SAMPLE_LLM,1.0,3,1007
5,0,0,0,Adult,C3_PRIVSYN_ICL_DP_SAMPLE_LLM,1.0,3,1007
6,0,0,0,Adult,C3_PRIVSYN_ICL_DP_SAMPLE_LLM,1.0,3,1007
7,0,0,0,Adult,C3_PRIVSYN_ICL_DP_SAMPLE_LLM,1.0,3,1007
8,1,1,0,Adult,C3_PRIVSYN_ICL_DP_SAMPLE_LLM,1.0,3,1007
9,1,1,0,Adult,C3_PRIVSYN_ICL_DP_SAMPLE_LLM,1.0,3,1007
10,1,0,0,Adult,C3_PRIVSYN_ICL_DP_SAMPLE_LLM,1.0,3,1007
11,1,1,0,Adult,C3_PRIVSYN_ICL_DP_SAMPLE_LLM,1.0,3,1007
12,0,0,0,Adult,C3_PRIVSYN_ICL_DP_SAMPLE_LLM,1.0,3,1007
13,1,1,0,Adult,C3_PRIVSYN_ICL_DP_SAMPLE_LLM,1.0,3,1007
14,0,0,0,Adult,C3_PRIVSYN_ICL_DP_SAMPLE_LLM,1.0,3,1007
15,0,1,0,Adult,C3_PRIVSYN_ICL_DP_SAMPLE_LLM,1.0,3,1007
16,0,1,0,Adult,C3_PRIVSYN_ICL_DP_SAMPLE_LLM,1.0,3,1007
17,1,0,0,Adult,C3_PRIVSYN_ICL_DP_SAMPLE_LLM,1.0,3,1007
18,0,0,0,Adult,C3_PRIVSYN_ICL_DP_SAMPLE_LLM,1.0,3,1007
19,1,0,0,Adult,C3_PRIVSYN_ICL_DP_SAMPLE_LLM,1.0,3,1007
20,0,0,2,Adult,C3_PRIVSYN_ICL_DP_SAMPLE_LLM,1.0,3,1007
21,0,0,0,Adult,C3_PRIVSYN_ICL_DP_SAMPLE_LLM,1.0,3,1007
22,1,1,0,Adult,C3_PRIVSYN_ICL_DP_SAMPLE_LLM,1.0,3,1007
23,1,1,0,Adult,C3_PRIVSYN_ICL_DP_SAMPLE_LLM,1.0,3,1007
24,1,1,0,Adult,C3_PRIVSYN_ICL_DP_SAMPLE_LLM,1.0,3,1007
25,1,0,0,Adult,C3_PRIVSYN_ICL_DP_SAMPLE_LLM,1.0,3,1007
26,0,0,2,Adult,C3_PRIVSYN_ICL_DP_SAMPLE_LLM,1.0,3,1007
27,1,1,2,Adult,C3_PRIVSYN_ICL_DP_SAMPLE_LLM,1.0,3,1007
28,0,1,0,Adult,C3_PRIVSYN_ICL_DP_SAMPLE_LLM,1.0,3,1007
29,0,0,2,Adult,C3_PRIVSYN_ICL_DP_SAMPLE_LLM,1.0,3,1007
30,1,1,0,Adult,C3_PRIVSYN_ICL_DP_SAMPLE_LLM,1.0,3,1007
31,1,1,0,Adult,C3_PRIVSYN_ICL_DP_SAMPLE_LLM,1.0,3,1007
32,1,0,0,Adult,C3_PRIVSYN_ICL_DP_SAMPLE_LLM,1.0,3,1007
33,1,1,0,Adult,C3_PRIVSYN_ICL_DP_SAMPLE_LLM,1.0,3,1007
34,1,0,0,Adult,C3_PRIVSYN_ICL_DP_SAMPLE_LLM,1.0,3,1007
35,0,0,0,Adult,C3_PRIVSYN_ICL_DP_SAMPLE_LLM,1.0,3,1007
36,0,0,0,Adult,C3_PRIVSYN_ICL_DP_SAMPLE_LLM,1.0,3,1007
37,0,0,0,Adult,C3_PRIVSYN_ICL_DP_SAMPLE_LLM,1.0,3,1007
38,1,0,0,Adult,C3_PRIVSYN_ICL_DP_SAMPLE_LLM,1.0,3,1007
39,1,1,0,Adult,C3_PRIVSYN_ICL_DP_SAMPLE_LLM,1.0,3,1007
40,1,0,0,Adult,C3_PRIVSYN_ICL_DP_SAMPLE_LLM,1.0,3,1007
41,0,0,2,Adult,C3_PRIVSYN_ICL_DP_SAMPLE_LLM,1.0,3,1007
42,1,1,2,Adult,C3_PRIVSYN_ICL_DP_SAMPLE_LLM,1.0,3,1007
43,0,0,0,Adult,C3_PRIVSYN_ICL_DP_SAMPLE_LLM,1.0,3,1007
44,0,0,2,Adult,C3_PRIVSYN_ICL_DP_SAMPLE_LLM,1.0,3,1007
45,1,1,0,Adult,C3_PRIVSYN_ICL_DP_SAMPLE_LLM,1.0,3,1007
46,1,0,0,Adult,C3_PRIVSYN_ICL_DP_SAMPLE_LLM,1.0,3,1007
47,1,1,0,Adult,C3_PRIVSYN_ICL_DP_SAMPLE_LLM,1.0,3,1007
48,1,1,0,Adult,C3_PRIVSYN_ICL_DP_SAMPLE_LLM,1.0,3,1007
49,0,1,0,Adult,C3_PRIVSYN_ICL_DP_SAMPLE_LLM,1.0,3,1007
50,1,0,0,Adult,C3_PRIVSYN_ICL_DP_SAMPLE_LLM,1.0,3,1007
51,0,0,2,Adult,C3_PRIVSYN_ICL_DP_SAMPLE_LLM,1.0,3,1007
52,1,1,0,Adult,C3_PRIVSYN_ICL_DP_SAMPLE_LLM,1.0,3,1007
53,0,0,0,Adult,C3_PRIVSYN_ICL_DP_SAMPLE_LLM,1.0,3,1007
54,0,0,0,Adult,C3_PRIVSYN_ICL_DP_SAMPLE_LLM,1.0,3,1007
55,0,1,0,Adult,C3_PRIVSYN_ICL_DP_SAMPLE_LLM,1.0,3,1007
56,0,0,2,Adult,C3_PRIVSYN_ICL_DP_SAMPLE_LLM,1.0,3,1007
57,1,1,0,Adult,C3_PRIVSYN_ICL_DP_SAMPLE_LLM,1.0,3,1007
58,1,1,0,Adult,C3_PRIVSYN_ICL_DP_SAMPLE_LLM,1.0,3,1007
59,0,0,0,Adult,C3_PRIVSYN_ICL_DP_SAMPLE_LLM,1.0,3,1007
60,1,0,0,Adult,C3_PRIVSYN_ICL_DP_SAMPLE_LLM,1.0,3,1007
61,1,1,0,Adult,C3_PRIVSYN_ICL_DP_SAMPLE_LLM,1.0,3,1007
62,1,0,2,Adult,C3_PRIVSYN_ICL_DP_SAMPLE_LLM,1.0,3,1007
63,1,1,0,Adult,C3_PRIVSYN_ICL_DP_SAMPLE_LLM,1.0,3,1007
64,0,0,0,Adult,C3_PRIVSYN_ICL_DP_SAMPLE_LLM,1.0,3,1007
65,0,0,0,Adult,C3_PRIVSYN_ICL_DP_SAMPLE_LLM,1.0,3,1007
66,1,0,0,Adult,C3_PRIVSYN_ICL_DP_SAMPLE_LLM,1.0,3,1007
67,1,1,0,Adult,C3_PRIVSYN_ICL_DP_SAMPLE_LLM,1.0,3,1007
68,0,0,0,Adult,C3_PRIVSYN_ICL_DP_SAMPLE_LLM,1.0,3,1007
69,0,1,0,Adult,C3_PRIVSYN_ICL_DP_SAMPLE_LLM,1.0,3,1007
70,0,0,0,Adult,C3_PRIVSYN_ICL_DP_SAMPLE_LLM,1.0,3,1007
71,0,0,0,Adult,C3_PRIVSYN_ICL_DP_SAMPLE_LLM,1.0,3,1007
72,0,0,0,Adult,C3_PRIVSYN_ICL_DP_SAMPLE_LLM,1.0,3,1007
73,0,0,0,Adult,C3_PRIVSYN_ICL_DP_SAMPLE_LLM,1.0,3,1007
74,0,0,0,Adult,C3_PRIVSYN_ICL_DP_SAMPLE_LLM,1.0,3,1007
75,0,0,2,Adult,C3_PRIVSYN_ICL_DP_SAMPLE_LLM,1.0,3,1007
76,0,0,0,Adult,C3_PRIVSYN_ICL_DP_SAMPLE_LLM,1.0,3,1007
77,0,0,0,Adult,C3_PRIVSYN_ICL_DP_SAMPLE_LLM,1.0,3,1007
78,1,0,2,Adult,C3_PRIVSYN_ICL_DP_SAMPLE_LLM,1.0,3,1007
79,0,0,0,Adult,C3_PRIVSYN_ICL_DP_SAMPLE_LLM,1.0,3,1007
80,1,1,0,Adult,C3_PRIVSYN_ICL_DP_SAMPLE_LLM,1.0,3,1007
81,0,0,0,Adult,C3_PRIVSYN_ICL_DP_SAMPLE_LLM,1.0,3,1007
82,0,0,0,Adult,C3_PRIVSYN_ICL_DP_SAMPLE_LLM,1.0,3,1007
83,0,1,2,Adult,C3_PRIVSYN_ICL_DP_SAMPLE_LLM,1.0,3,1007
84,1,1,0,Adult,C3_PRIVSYN_ICL_DP_SAMPLE_LLM,1.0,3,1007
85,1,1,0,Adult,C3_PRIVSYN_ICL_DP_SAMPLE_LLM,1.0,3,1007
86,1,1,0,Adult,C3_PRIVSYN_ICL_DP_SAMPLE_LLM,1.0,3,1007
87,1,1,0,Adult,C3_PRIVSYN_ICL_DP_SAMPLE_LLM,1.0,3,1007
88,0,0,0,Adult,C3_PRIVSYN_ICL_DP_SAMPLE_LLM,1.0,3,1007
89,1,1,0,Adult,C3_PRIVSYN_ICL_DP_SAMPLE_LLM,1.0,3,1007
90,1,1,0,Adult,C3_PRIVSYN_ICL_DP_SAMPLE_LLM,1.0,3,1007
91,0,0,2,Adult,C3_PRIVSYN_ICL_DP_SAMPLE_LLM,1.0,3,1007
92,1,1,0,Adult,C3_PRIVSYN_ICL_DP_SAMPLE_LLM,1.0,3,1007
93,1,0,0,Adult,C3_PRIVSYN_ICL_DP_SAMPLE_LLM,1.0,3,1007
94,0,0,2,Adult,C3_PRIVSYN_ICL_DP_SAMPLE_LLM,1.0,3,1007
95,1,1,0,Adult,C3_PRIVSYN_ICL_DP_SAMPLE_LLM,1.0,3,1007
96,0,0,2,Adult,C3_PRIVSYN_ICL_DP_SAMPLE_LLM,1.0,3,1007
97,1,1,0,Adult,C3_PRIVSYN_ICL_DP_SAMPLE_LLM,1.0,3,1007
98,0,0,0,Adult,C3_PRIVSYN_ICL_DP_SAMPLE_LLM,1.0,3,1007
99,1,0,0,Adult,C3_PRIVSYN_ICL_DP_SAMPLE_LLM,1.0,3,1007
0,1,1,0,Adult,C3_PRIVSYN_ICL_DP_SAMPLE_LLM,1.0,3,1008
1,0,1,0,Adult,C3_PRIVSYN_ICL_DP_SAMPLE_LLM,1.0,3,1008
2,0,0,0,Adult,C3_PRIVSYN_ICL_DP_SAMPLE_LLM,1.0,3,1008
3,0,1,1,Adult,C3_PRIVSYN_ICL_DP_SAMPLE_LLM,1.0,3,1008
4,1,1,0,Adult,C3_PRIVSYN_ICL_DP_SAMPLE_LLM,1.0,3,1008
5,0,0,0,Adult,C3_PRIVSYN_ICL_DP_SAMPLE_LLM,1.0,3,1008
6,0,0,0,Adult,C3_PRIVSYN_ICL_DP_SAMPLE_LLM,1.0,3,1008
7,0,0,1,Adult,C3_PRIVSYN_ICL_DP_SAMPLE_LLM,1.0,3,1008
8,1,1,0,Adult,C3_PRIVSYN_ICL_DP_SAMPLE_LLM,1.0,3,1008
9,1,1,0,Adult,C3_PRIVSYN_ICL_DP_SAMPLE_LLM,1.0,3,1008
10,1,0,0,Adult,C3_PRIVSYN_ICL_DP_SAMPLE_LLM,1.0,3,1008
11,1,1,0,Adult,C3_PRIVSYN_ICL_DP_SAMPLE_LLM,1.0,3,1008
12,0,0,1,Adult,C3_PRIVSYN_ICL_DP_SAMPLE_LLM,1.0,3,1008
13,1,0,0,Adult,C3_PRIVSYN_ICL_DP_SAMPLE_LLM,1.0,3,1008
14,0,1,0,Adult,C3_PRIVSYN_ICL_DP_SAMPLE_LLM,1.0,3,1008
15,0,1,0,Adult,C3_PRIVSYN_ICL_DP_SAMPLE_LLM,1.0,3,1008
16,0,0,0,Adult,C3_PRIVSYN_ICL_DP_SAMPLE_LLM,1.0,3,1008
17,1,1,0,Adult,C3_PRIVSYN_ICL_DP_SAMPLE_LLM,1.0,3,1008
18,0,0,0,Adult,C3_PRIVSYN_ICL_DP_SAMPLE_LLM,1.0,3,1008
19,1,1,0,Adult,C3_PRIVSYN_ICL_DP_SAMPLE_LLM,1.0,3,1008
20,0,1,1,Adult,C3_PRIVSYN_ICL_DP_SAMPLE_LLM,1.0,3,1008
21,0,1,0,Adult,C3_PRIVSYN_ICL_DP_SAMPLE_LLM,1.0,3,1008
22,1,1,0,Adult,C3_PRIVSYN_ICL_DP_SAMPLE_LLM,1.0,3,1008
23,1,1,0,Adult,C3_PRIVSYN_ICL_DP_SAMPLE_LLM,1.0,3,1008
24,1,1,0,Adult,C3_PRIVSYN_ICL_DP_SAMPLE_LLM,1.0,3,1008
25,1,1,0,Adult,C3_PRIVSYN_ICL_DP_SAMPLE_LLM,1.0,3,1008
26,0,1,1,Adult,C3_PRIVSYN_ICL_DP_SAMPLE_LLM,1.0,3,1008
27,1,1,1,Adult,C3_PRIVSYN_ICL_DP_SAMPLE_LLM,1.0,3,1008
28,0,0,0,Adult,C3_PRIVSYN_ICL_DP_SAMPLE_LLM,1.0,3,1008
29,0,0,1,Adult,C3_PRIVSYN_ICL_DP_SAMPLE_LLM,1.0,3,1008
30,1,1,0,Adult,C3_PRIVSYN_ICL_DP_SAMPLE_LLM,1.0,3,1008
31,1,1,0,Adult,C3_PRIVSYN_ICL_DP_SAMPLE_LLM,1.0,3,1008
32,1,0,1,Adult,C3_PRIVSYN_ICL_DP_SAMPLE_LLM,1.0,3,1008
33,1,1,0,Adult,C3_PRIVSYN_ICL_DP_SAMPLE_LLM,1.0,3,1008
34,1,0,1,Adult,C3_PRIVSYN_ICL_DP_SAMPLE_LLM,1.0,3,1008
35,0,1,0,Adult,C3_PRIVSYN_ICL_DP_SAMPLE_LLM,1.0,3,1008
36,0,0,0,Adult,C3_PRIVSYN_ICL_DP_SAMPLE_LLM,1.0,3,1008
37,0,0,0,Adult,C3_PRIVSYN_ICL_DP_SAMPLE_LLM,1.0,3,1008
38,1,1,0,Adult,C3_PRIVSYN_ICL_DP_SAMPLE_LLM,1.0,3,1008
39,1,0,0,Adult,C3_PRIVSYN_ICL_DP_SAMPLE_LLM,1.0,3,1008
40,1,0,0,Adult,C3_PRIVSYN_ICL_DP_SAMPLE_LLM,1.0,3,1008
41,0,0,1,Adult,C3_PRIVSYN_ICL_DP_SAMPLE_LLM,1.0,3,1008
42,1,0,1,Adult,C3_PRIVSYN_ICL_DP_SAMPLE_LLM,1.0,3,1008
43,0,0,0,Adult,C3_PRIVSYN_ICL_DP_SAMPLE_LLM,1.0,3,1008
44,0,0,1,Adult,C3_PRIVSYN_ICL_DP_SAMPLE_LLM,1.0,3,1008
45,1,1,0,Adult,C3_PRIVSYN_ICL_DP_SAMPLE_LLM,1.0,3,1008
46,1,0,0,Adult,C3_PRIVSYN_ICL_DP_SAMPLE_LLM,1.0,3,1008
47,1,1,0,Adult,C3_PRIVSYN_ICL_DP_SAMPLE_LLM,1.0,3,1008
48,1,1,0,Adult,C3_PRIVSYN_ICL_DP_SAMPLE_LLM,1.0,3,1008
49,0,1,0,Adult,C3_PRIVSYN_ICL_DP_SAMPLE_LLM,1.0,3,1008
50,1,1,0,Adult,C3_PRIVSYN_ICL_DP_SAMPLE_LLM,1.0,3,1008
51,0,0,1,Adult,C3_PRIVSYN_ICL_DP_SAMPLE_LLM,1.0,3,1008
52,1,1,0,Adult,C3_PRIVSYN_ICL_DP_SAMPLE_LLM,1.0,3,1008
53,0,0,0,Adult,C3_PRIVSYN_ICL_DP_SAMPLE_LLM,1.0,3,1008
54,0,0,0,Adult,C3_PRIVSYN_ICL_DP_SAMPLE_LLM,1.0,3,1008
55,0,1,0,Adult,C3_PRIVSYN_ICL_DP_SAMPLE_LLM,1.0,3,1008
56,0,0,1,Adult,C3_PRIVSYN_ICL_DP_SAMPLE_LLM,1.0,3,1008
57,1,1,0,Adult,C3_PRIVSYN_ICL_DP_SAMPLE_LLM,1.0,3,1008
58,1,1,0,Adult,C3_PRIVSYN_ICL_DP_SAMPLE_LLM,1.0,3,1008
59,0,0,0,Adult,C3_PRIVSYN_ICL_DP_SAMPLE_LLM,1.0,3,1008
60,1,1,0,Adult,C3_PRIVSYN_ICL_DP_SAMPLE_LLM,1.0,3,1008
61,1,1,0,Adult,C3_PRIVSYN_ICL_DP_SAMPLE_LLM,1.0,3,1008
62,1,0,1,Adult,C3_PRIVSYN_ICL_DP_SAMPLE_LLM,1.0,3,1008
63,1,1,0,Adult,C3_PRIVSYN_ICL_DP_SAMPLE_LLM,1.0,3,1008
64,0,0,0,Adult,C3_PRIVSYN_ICL_DP_SAMPLE_LLM,1.0,3,1008
65,0,0,0,Adult,C3_PRIVSYN_ICL_DP_SAMPLE_LLM,1.0,3,1008
66,1,0,0,Adult,C3_PRIVSYN_ICL_DP_SAMPLE_LLM,1.0,3,1008
67,1,1,0,Adult,C3_PRIVSYN_ICL_DP_SAMPLE_LLM,1.0,3,1008
68,0,1,0,Adult,C3_PRIVSYN_ICL_DP_SAMPLE_LLM,1.0,3,1008
69,0,1,0,Adult,C3_PRIVSYN_ICL_DP_SAMPLE_LLM,1.0,3,1008
70,0,1,0,Adult,C3_PRIVSYN_ICL_DP_SAMPLE_LLM,1.0,3,1008
71,0,0,0,Adult,C3_PRIVSYN_ICL_DP_SAMPLE_LLM,1.0,3,1008
72,0,0,0,Adult,C3_PRIVSYN_ICL_DP_SAMPLE_LLM,1.0,3,1008
73,0,1,0,Adult,C3_PRIVSYN_ICL_DP_SAMPLE_LLM,1.0,3,1008
74,0,0,0,Adult,C3_PRIVSYN_ICL_DP_SAMPLE_LLM,1.0,3,1008
75,0,0,1,Adult,C3_PRIVSYN_ICL_DP_SAMPLE_LLM,1.0,3,1008
76,0,0,0,Adult,C3_PRIVSYN_ICL_DP_SAMPLE_LLM,1.0,3,1008
77,0,0,0,Adult,C3_PRIVSYN_ICL_DP_SAMPLE_LLM,1.0,3,1008
78,1,0,1,Adult,C3_PRIVSYN_ICL_DP_SAMPLE_LLM,1.0,3,1008
79,0,0,0,Adult,C3_PRIVSYN_ICL_DP_SAMPLE_LLM,1.0,3,1008
80,1,1,0,Adult,C3_PRIVSYN_ICL_DP_SAMPLE_LLM,1.0,3,1008
81,0,0,0,Adult,C3_PRIVSYN_ICL_DP_SAMPLE_LLM,1.0,3,1008
82,0,0,0,Adult,C3_PRIVSYN_ICL_DP_SAMPLE_LLM,1.0,3,1008
83,0,0,1,Adult,C3_PRIVSYN_ICL_DP_SAMPLE_LLM,1.0,3,1008
84,1,1,0,Adult,C3_PRIVSYN_ICL_DP_SAMPLE_LLM,1.0,3,1008
85,1,1,0,Adult,C3_PRIVSYN_ICL_DP_SAMPLE_LLM,1.0,3,1008
86,1,1,0,Adult,C3_PRIVSYN_ICL_DP_SAMPLE_LLM,1.0,3,1008
87,1,1,0,Adult,C3_PRIVSYN_ICL_DP_SAMPLE_LLM,1.0,3,1008
88,0,0,0,Adult,C3_PRIVSYN_ICL_DP_SAMPLE_LLM,1.0,3,1008
89,1,1,0,Adult,C3_PRIVSYN_ICL_DP_SAMPLE_LLM,1.0,3,1008
90,1,1,0,Adult,C3_PRIVSYN_ICL_DP_SAMPLE_LLM,1.0,3,1008
91,0,0,1,Adult,C3_PRIVSYN_ICL_DP_SAMPLE_LLM,1.0,3,1008
92,1,1,0,Adult,C3_PRIVSYN_ICL_DP_SAMPLE_LLM,1.0,3,1008
93,1,1,0,Adult,C3_PRIVSYN_ICL_DP_SAMPLE_LLM,1.0,3,1008
94,0,0,1,Adult,C3_PRIVSYN_ICL_DP_SAMPLE_LLM,1.0,3,1008
95,1,1,0,Adult,C3_PRIVSYN_ICL_DP_SAMPLE_LLM,1.0,3,1008
96,0,0,1,Adult,C3_PRIVSYN_ICL_DP_SAMPLE_LLM,1.0,3,1008
97,1,1,0,Adult,C3_PRIVSYN_ICL_DP_SAMPLE_LLM,1.0,3,1008
98,0,1,0,Adult,C3_PRIVSYN_ICL_DP_SAMPLE_LLM,1.0,3,1008
99,1,0,0,Adult,C3_PRIVSYN_ICL_DP_SAMPLE_LLM,1.0,3,1008
0,1,1,1,Adult,C3_PRIVSYN_ICL_DP_SAMPLE_LLM,1.0,3,1009
1,0,1,1,Adult,C3_PRIVSYN_ICL_DP_SAMPLE_LLM,1.0,3,1009
2,0,1,1,Adult,C3_PRIVSYN_ICL_DP_SAMPLE_LLM,1.0,3,1009
3,0,1,0,Adult,C3_PRIVSYN_ICL_DP_SAMPLE_LLM,1.0,3,1009
4,1,1,1,Adult,C3_PRIVSYN_ICL_DP_SAMPLE_LLM,1.0,3,1009
5,0,0,1,Adult,C3_PRIVSYN_ICL_DP_SAMPLE_LLM,1.0,3,1009
6,0,0,1,Adult,C3_PRIVSYN_ICL_DP_SAMPLE_LLM,1.0,3,1009
7,0,0,1,Adult,C3_PRIVSYN_ICL_DP_SAMPLE_LLM,1.0,3,1009
8,1,1,1,Adult,C3_PRIVSYN_ICL_DP_SAMPLE_LLM,1.0,3,1009
9,1,1,1,Adult,C3_PRIVSYN_ICL_DP_SAMPLE_LLM,1.0,3,1009
10,1,1,1,Adult,C3_PRIVSYN_ICL_DP_SAMPLE_LLM,1.0,3,1009
11,1,1,1,Adult,C3_PRIVSYN_ICL_DP_SAMPLE_LLM,1.0,3,1009
12,0,0,1,Adult,C3_PRIVSYN_ICL_DP_SAMPLE_LLM,1.0,3,1009
13,1,0,1,Adult,C3_PRIVSYN_ICL_DP_SAMPLE_LLM,1.0,3,1009
14,0,0,1,Adult,C3_PRIVSYN_ICL_DP_SAMPLE_LLM,1.0,3,1009
15,0,1,1,Adult,C3_PRIVSYN_ICL_DP_SAMPLE_LLM,1.0,3,1009
16,0,0,1,Adult,C3_PRIVSYN_ICL_DP_SAMPLE_LLM,1.0,3,1009
17,1,1,1,Adult,C3_PRIVSYN_ICL_DP_SAMPLE_LLM,1.0,3,1009
18,0,0,1,Adult,C3_PRIVSYN_ICL_DP_SAMPLE_LLM,1.0,3,1009
19,1,1,1,Adult,C3_PRIVSYN_ICL_DP_SAMPLE_LLM,1.0,3,1009
20,0,1,0,Adult,C3_PRIVSYN_ICL_DP_SAMPLE_LLM,1.0,3,1009
21,0,1,1,Adult,C3_PRIVSYN_ICL_DP_SAMPLE_LLM,1.0,3,1009
22,1,1,1,Adult,C3_PRIVSYN_ICL_DP_SAMPLE_LLM,1.0,3,1009
23,1,1,1,Adult,C3_PRIVSYN_ICL_DP_SAMPLE_LLM,1.0,3,1009
24,1,1,1,Adult,C3_PRIVSYN_ICL_DP_SAMPLE_LLM,1.0,3,1009
25,1,0,1,Adult,C3_PRIVSYN_ICL_DP_SAMPLE_LLM,1.0,3,1009
26,0,1,0,Adult,C3_PRIVSYN_ICL_DP_SAMPLE_LLM,1.0,3,1009
27,1,1,0,Adult,C3_PRIVSYN_ICL_DP_SAMPLE_LLM,1.0,3,1009
28,0,0,1,Adult,C3_PRIVSYN_ICL_DP_SAMPLE_LLM,1.0,3,1009
29,0,0,0,Adult,C3_PRIVSYN_ICL_DP_SAMPLE_LLM,1.0,3,1009
30,1,1,1,Adult,C3_PRIVSYN_ICL_DP_SAMPLE_LLM,1.0,3,1009
31,1,1,1,Adult,C3_PRIVSYN_ICL_DP_SAMPLE_LLM,1.0,3,1009
32,1,1,1,Adult,C3_PRIVSYN_ICL_DP_SAMPLE_LLM,1.0,3,1009
33,1,1,1,Adult,C3_PRIVSYN_ICL_DP_SAMPLE_LLM,1.0,3,1009
34,1,0,1,Adult,C3_PRIVSYN_ICL_DP_SAMPLE_LLM,1.0,3,1009
35,0,1,1,Adult,C3_PRIVSYN_ICL_DP_SAMPLE_LLM,1.0,3,1009
36,0,0,1,Adult,C3_PRIVSYN_ICL_DP_SAMPLE_LLM,1.0,3,1009
37,0,0,1,Adult,C3_PRIVSYN_ICL_DP_SAMPLE_LLM,1.0,3,1009
38,1,0,1,Adult,C3_PRIVSYN_ICL_DP_SAMPLE_LLM,1.0,3,1009
39,1,0,1,Adult,C3_PRIVSYN_ICL_DP_SAMPLE_LLM,1.0,3,1009
40,1,0,1,Adult,C3_PRIVSYN_ICL_DP_SAMPLE_LLM,1.0,3,1009
41,0,0,0,Adult,C3_PRIVSYN_ICL_DP_SAMPLE_LLM,1.0,3,1009
42,1,1,0,Adult,C3_PRIVSYN_ICL_DP_SAMPLE_LLM,1.0,3,1009
43,0,0,1,Adult,C3_PRIVSYN_ICL_DP_SAMPLE_LLM,1.0,3,1009
44,0,0,0,Adult,C3_PRIVSYN_ICL_DP_SAMPLE_LLM,1.0,3,1009
45,1,1,1,Adult,C3_PRIVSYN_ICL_DP_SAMPLE_LLM,1.0,3,1009
46,1,0,1,Adult,C3_PRIVSYN_ICL_DP_SAMPLE_LLM,1.0,3,1009
47,1,1,1,Adult,C3_PRIVSYN_ICL_DP_SAMPLE_LLM,1.0,3,1009
48,1,1,1,Adult,C3_PRIVSYN_ICL_DP_SAMPLE_LLM,1.0,3,1009
49,0,1,1,Adult,C3_PRIVSYN_ICL_DP_SAMPLE_LLM,1.0,3,1009
50,1,1,1,Adult,C3_PRIVSYN_ICL_DP_SAMPLE_LLM,1.0,3,1009
51,0,0,0,Adult,C3_PRIVSYN_ICL_DP_SAMPLE_LLM,1.0,3,1009
52,1,1,1,Adult,C3_PRIVSYN_ICL_DP_SAMPLE_LLM,1.0,3,1009
53,0,0,1,Adult,C3_PRIVSYN_ICL_DP_SAMPLE_LLM,1.0,3,1009
54,0,0,1,Adult,C3_PRIVSYN_ICL_DP_SAMPLE_LLM,1.0,3,1009
55,0,1,1,Adult,C3_PRIVSYN_ICL_DP_SAMPLE_LLM,1.0,3,1009
56,0,0,0,Adult,C3_PRIVSYN_ICL_DP_SAMPLE_LLM,1.0,3,1009
57,1,1,1,Adult,C3_PRIVSYN_ICL_DP_SAMPLE_LLM,1.0,3,1009
58,1,1,1,Adult,C3_PRIVSYN_ICL_DP_SAMPLE_LLM,1.0,3,1009
59,0,0,1,Adult,C3_PRIVSYN_ICL_DP_SAMPLE_LLM,1.0,3,1009
60,1,0,1,Adult,C3_PRIVSYN_ICL_DP_SAMPLE_LLM,1.0,3,1009
61,1,1,1,Adult,C3_PRIVSYN_ICL_DP_SAMPLE_LLM,1.0,3,1009
62,1,0,0,Adult,C3_PRIVSYN_ICL_DP_SAMPLE_LLM,1.0,3,1009
63,1,1,1,Adult,C3_PRIVSYN_ICL_DP_SAMPLE_LLM,1.0,3,1009
64,0,1,1,Adult,C3_PRIVSYN_ICL_DP_SAMPLE_LLM,1.0,3,1009
65,0,0,1,Adult,C3_PRIVSYN_ICL_DP_SAMPLE_LLM,1.0,3,1009
66,1,0,1,Adult,C3_PRIVSYN_ICL_DP_SAMPLE_LLM,1.0,3,1009
67,1,1,1,Adult,C3_PRIVSYN_ICL_DP_SAMPLE_LLM,1.0,3,1009
68,0,1,1,Adult,C3_PRIVSYN_ICL_DP_SAMPLE_LLM,1.0,3,1009
69,0,1,1,Adult,C3_PRIVSYN_ICL_DP_SAMPLE_LLM,1.0,3,1009
70,0,0,1,Adult,C3_PRIVSYN_ICL_DP_SAMPLE_LLM,1.0,3,1009
71,0,0,1,Adult,C3_PRIVSYN_ICL_DP_SAMPLE_LLM,1.0,3,1009
72,0,0,1,Adult,C3_PRIVSYN_ICL_DP_SAMPLE_LLM,1.0,3,1009
73,0,1,1,Adult,C3_PRIVSYN_ICL_DP_SAMPLE_LLM,1.0,3,1009
74,0,0,1,Adult,C3_PRIVSYN_ICL_DP_SAMPLE_LLM,1.0,3,1009
75,0,0,0,Adult,C3_PRIVSYN_ICL_DP_SAMPLE_LLM,1.0,3,1009
76,0,1,1,Adult,C3_PRIVSYN_ICL_DP_SAMPLE_LLM,1.0,3,1009
77,0,0,1,Adult,C3_PRIVSYN_ICL_DP_SAMPLE_LLM,1.0,3,1009
78,1,0,0,Adult,C3_PRIVSYN_ICL_DP_SAMPLE_LLM,1.0,3,1009
79,0,0,1,Adult,C3_PRIVSYN_ICL_DP_SAMPLE_LLM,1.0,3,1009
80,1,1,1,Adult,C3_PRIVSYN_ICL_DP_SAMPLE_LLM,1.0,3,1009
81,0,1,1,Adult,C3_PRIVSYN_ICL_DP_SAMPLE_LLM,1.0,3,1009
82,0,0,1,Adult,C3_PRIVSYN_ICL_DP_SAMPLE_LLM,1.0,3,1009
83,0,0,0,Adult,C3_PRIVSYN_ICL_DP_SAMPLE_LLM,1.0,3,1009
84,1,1,1,Adult,C3_PRIVSYN_ICL_DP_SAMPLE_LLM,1.0,3,1009
85,1,1,1,Adult,C3_PRIVSYN_ICL_DP_SAMPLE_LLM,1.0,3,1009
86,1,1,1,Adult,C3_PRIVSYN_ICL_DP_SAMPLE_LLM,1.0,3,1009
87,1,1,1,Adult,C3_PRIVSYN_ICL_DP_SAMPLE_LLM,1.0,3,1009
88,0,0,1,Adult,C3_PRIVSYN_ICL_DP_SAMPLE_LLM,1.0,3,1009
89,1,1,1,Adult,C3_PRIVSYN_ICL_DP_SAMPLE_LLM,1.0,3,1009
90,1,1,1,Adult,C3_PRIVSYN_ICL_DP_SAMPLE_LLM,1.0,3,1009
91,0,1,0,Adult,C3_PRIVSYN_ICL_DP_SAMPLE_LLM,1.0,3,1009
92,1,0,1,Adult,C3_PRIVSYN_ICL_DP_SAMPLE_LLM,1.0,3,1009
93,1,1,1,Adult,C3_PRIVSYN_ICL_DP_SAMPLE_LLM,1.0,3,1009
94,0,0,0,Adult,C3_PRIVSYN_ICL_DP_SAMPLE_LLM,1.0,3,1009
95,1,1,1,Adult,C3_PRIVSYN_ICL_DP_SAMPLE_LLM,1.0,3,1009
96,0,0,0,Adult,C3_PRIVSYN_ICL_DP_SAMPLE_LLM,1.0,3,1009
97,1,1,1,Adult,C3_PRIVSYN_ICL_DP_SAMPLE_LLM,1.0,3,1009
98,0,0,1,Adult,C3_PRIVSYN_ICL_DP_SAMPLE_LLM,1.0,3,1009
99,1,1,1,Adult,C3_PRIVSYN_ICL_DP_SAMPLE_LLM,1.0,3,1009
